t_s,Px_mm,Py_mm,Pz_mm,b1_mm,b2_mm,b3_mm,b1_mm_s,b2_mm_s,b3_mm_s,b1_mm_s2,b2_mm_s2,b3_mm_s2,thetaC1_deg,thetaD1_deg,thetaC2_deg,thetaD2_deg,thetaC3_deg,thetaD3_deg
0.0,-60.0,0.0,0.0,40.0,100.0,100.0,10.0,0.0,0.0,0.0,0.0,0.0,59.99999999999999,-59.99999999999999,67.97568716295784,-67.97568716295784,67.97568716295784,-67.97568716295784
0.03,-59.7,0.0,0.0,40.3,100.0,100.0,10.0,0.0,0.0,0.0,0.0,0.0,59.99999999999999,-59.99999999999999,67.93705308436063,-67.93705308436063,67.93705308436063,-67.93705308436063
0.06,-59.4,0.0,0.0,40.60000000000001,100.0,100.0,10.0,0.0,0.0,0.0,0.0,0.0,59.99999999999999,-59.99999999999999,67.89840844442398,-67.89840844442398,67.89840844442398,-67.89840844442398
0.09,-59.1,0.0,0.0,40.89999999999999,100.0,100.0,10.0,0.0,0.0,0.0,0.0,0.0,59.99999999999999,-59.99999999999999,67.85975321688723,-67.85975321688723,67.85975321688723,-67.85975321688723
0.12,-58.8,0.0,0.0,41.2,100.0,100.0,10.0,0.0,0.0,0.0,0.0,0.0,59.99999999999999,-59.99999999999999,67.8210873754344,-67.8210873754344,67.8210873754344,-67.8210873754344
0.15,-58.5,0.0,0.0,41.5,100.0,100.0,10.0,0.0,0.0,0.0,0.0,0.0,59.99999999999999,-59.99999999999999,67.78241089369394,-67.78241089369394,67.78241089369394,-67.78241089369394
0.18,-58.2,0.0,0.0,41.8,100.0,100.0,10.0,0.0,0.0,0.0,0.0,0.0,59.99999999999999,-59.99999999999999,67.74372374523863,-67.74372374523863,67.74372374523863,-67.74372374523863
0.21,-57.9,0.0,0.0,42.10000000000001,100.0,100.0,10.0,0.0,0.0,0.0,0.0,0.0,59.99999999999999,-59.99999999999999,67.70502590358535,-67.70502590358535,67.70502590358535,-67.70502590358535
0.24,-57.6,0.0,0.0,42.39999999999999,100.0,100.0,10.0,0.0,0.0,0.0,0.0,0.0,59.99999999999999,-59.99999999999999,67.66631734219479,-67.66631734219479,67.66631734219479,-67.66631734219479
0.27,-57.3,0.0,0.0,42.7,100.0,100.0,10.0,0.0,0.0,0.0,0.0,0.0,59.99999999999999,-59.99999999999999,67.62759803447133,-67.62759803447133,67.62759803447133,-67.62759803447133
0.3,-57.0,0.0,0.0,43.0,100.0,100.0,10.0,0.0,0.0,0.0,0.0,0.0,59.99999999999999,-59.99999999999999,67.58886795376274,-67.58886795376274,67.58886795376274,-67.58886795376274
0.32999999999999996,-56.7,0.0,0.0,43.3,100.0,100.0,10.0,0.0,0.0,0.0,0.0,0.0,59.99999999999999,-59.99999999999999,67.55012707336002,-67.55012707336002,67.55012707336002,-67.55012707336002
0.36,-56.4,0.0,0.0,43.60000000000001,100.0,100.0,10.0,0.0,0.0,0.0,0.0,0.0,59.99999999999999,-59.99999999999999,67.5113753664971,-67.5113753664971,67.5113753664971,-67.5113753664971
0.39,-56.1,0.0,0.0,43.89999999999999,100.0,100.0,10.0,0.0,0.0,0.0,0.0,0.0,59.99999999999999,-59.99999999999999,67.47261280635075,-67.47261280635075,67.47261280635075,-67.47261280635075
0.42,-55.8,0.0,0.0,44.2,100.0,100.0,10.0,0.0,0.0,0.0,0.0,0.0,59.99999999999999,-59.99999999999999,67.4338393660402,-67.4338393660402,67.4338393660402,-67.4338393660402
0.44999999999999996,-55.5,0.0,0.0,44.5,100.0,100.0,10.0,0.0,0.0,0.0,0.0,0.0,59.99999999999999,-59.99999999999999,67.39505501862706,-67.39505501862706,67.39505501862706,-67.39505501862706
0.48,-55.2,0.0,0.0,44.8,100.0,100.0,10.0,0.0,0.0,0.0,0.0,0.0,59.99999999999999,-59.99999999999999,67.356259737115,-67.356259737115,67.356259737115,-67.356259737115
0.51,-54.9,0.0,0.0,45.10000000000001,100.0,100.0,10.0,0.0,0.0,0.0,0.0,0.0,59.99999999999999,-59.99999999999999,67.31745349444952,-67.31745349444952,67.31745349444952,-67.31745349444952
0.54,-54.6,0.0,0.0,45.39999999999999,100.0,100.0,10.0,0.0,0.0,0.0,0.0,0.0,59.99999999999999,-59.99999999999999,67.27863626351784,-67.27863626351784,67.27863626351784,-67.27863626351784
0.57,-54.3,0.0,0.0,45.7,100.0,100.0,10.0,0.0,0.0,0.0,0.0,0.0,59.99999999999999,-59.99999999999999,67.23980801714852,-67.23980801714852,67.23980801714852,-67.23980801714852
0.6,-54.0,0.0,0.0,46.0,100.0,100.0,10.0,0.0,0.0,0.0,0.0,0.0,59.99999999999999,-59.99999999999999,67.20096872811129,-67.20096872811129,67.20096872811129,-67.20096872811129
0.63,-53.7,0.0,0.0,46.3,100.0,100.0,10.0,0.0,0.0,0.0,0.0,0.0,59.99999999999999,-59.99999999999999,67.16211836911691,-67.16211836911691,67.16211836911691,-67.16211836911691
0.6599999999999999,-53.4,0.0,0.0,46.60000000000001,100.0,100.0,10.0,0.0,0.0,0.0,0.0,0.0,59.99999999999999,-59.99999999999999,67.1232569128168,-67.1232569128168,67.1232569128168,-67.1232569128168
0.69,-53.1,0.0,0.0,46.89999999999999,100.0,100.0,10.0,0.0,0.0,0.0,0.0,0.0,59.99999999999999,-59.99999999999999,67.08438433180287,-67.08438433180287,67.08438433180287,-67.08438433180287
0.72,-52.8,0.0,0.0,47.2,100.0,100.0,10.0,0.0,0.0,0.0,0.0,0.0,59.99999999999999,-59.99999999999999,67.0455005986073,-67.0455005986073,67.0455005986073,-67.0455005986073
0.75,-52.5,0.0,0.0,47.5,100.0,100.0,10.0,0.0,0.0,0.0,0.0,0.0,59.99999999999999,-59.99999999999999,67.00660568570231,-67.00660568570231,67.00660568570231,-67.00660568570231
0.78,-52.2,0.0,0.0,47.8,100.0,100.0,10.0,0.0,0.0,0.0,0.0,0.0,59.99999999999999,-59.99999999999999,66.96769956549987,-66.96769956549987,66.96769956549987,-66.96769956549987
0.8099999999999999,-51.9,0.0,0.0,48.10000000000001,100.0,100.0,10.0,0.0,0.0,0.0,0.0,0.0,59.99999999999999,-59.99999999999999,66.92878221035151,-66.92878221035151,66.92878221035151,-66.92878221035151
0.84,-51.6,0.0,0.0,48.39999999999999,100.0,100.0,10.0,0.0,0.0,0.0,0.0,0.0,59.99999999999999,-59.99999999999999,66.88985359254812,-66.88985359254812,66.88985359254812,-66.88985359254812
0.87,-51.3,0.0,0.0,48.7,100.0,100.0,10.0,0.0,0.0,0.0,0.0,0.0,59.99999999999999,-59.99999999999999,66.85091368431958,-66.85091368431958,66.85091368431958,-66.85091368431958
0.8999999999999999,-51.0,0.0,0.0,49.0,100.0,100.0,10.0,0.0,0.0,0.0,0.0,0.0,59.99999999999999,-59.99999999999999,66.8119624578347,-66.8119624578347,66.8119624578347,-66.8119624578347
0.9299999999999999,-50.7,0.0,0.0,49.3,100.0,100.0,10.0,0.0,0.0,0.0,0.0,0.0,59.99999999999999,-59.99999999999999,66.77299988520079,-66.77299988520079,66.77299988520079,-66.77299988520079
0.96,-50.4,0.0,0.0,49.60000000000001,100.0,100.0,10.0,0.0,0.0,0.0,0.0,0.0,59.99999999999999,-59.99999999999999,66.7340259384636,-66.7340259384636,66.7340259384636,-66.7340259384636
0.99,-50.1,0.0,0.0,49.89999999999999,100.0,100.0,10.0,0.0,0.0,0.0,0.0,0.0,59.99999999999999,-59.99999999999999,66.69504058960698,-66.69504058960698,66.69504058960698,-66.69504058960698
1.02,-49.8,0.0,0.0,50.2,100.0,100.0,10.0,0.0,0.0,0.0,0.0,0.0,59.99999999999999,-59.99999999999999,66.65604381055259,-66.65604381055259,66.65604381055259,-66.65604381055259
1.05,-49.5,0.0,0.0,50.5,100.0,100.0,10.0,0.0,0.0,0.0,0.0,0.0,59.99999999999999,-59.99999999999999,66.6170355731598,-66.6170355731598,66.6170355731598,-66.6170355731598
1.08,-49.2,0.0,0.0,50.8,100.0,100.0,10.0,0.0,0.0,0.0,0.0,0.0,59.99999999999999,-59.99999999999999,66.57801584922524,-66.57801584922524,66.57801584922524,-66.57801584922524
1.1099999999999999,-48.900000000000006,0.0,0.0,51.099999999999994,100.0,100.0,10.0,0.0,0.0,0.0,0.0,0.0,59.99999999999999,-59.99999999999999,66.53898461048281,-66.53898461048281,66.53898461048281,-66.53898461048281
1.14,-48.6,0.0,0.0,51.39999999999999,100.0,100.0,10.0,0.0,0.0,0.0,0.0,0.0,59.99999999999999,-59.99999999999999,66.49994182860321,-66.49994182860321,66.49994182860321,-66.49994182860321
1.17,-48.3,0.0,0.0,51.7,100.0,100.0,10.0,0.0,0.0,0.0,0.0,0.0,59.99999999999999,-59.99999999999999,66.46088747519379,-66.46088747519379,66.46088747519379,-66.46088747519379
1.2,-48.0,0.0,0.0,52.0,100.0,100.0,10.0,0.0,0.0,0.0,0.0,0.0,59.99999999999999,-59.99999999999999,66.4218215217983,-66.4218215217983,66.4218215217983,-66.4218215217983
1.23,-47.7,0.0,0.0,52.3,100.0,100.0,10.0,0.0,0.0,0.0,0.0,0.0,59.99999999999999,-59.99999999999999,66.38274393989659,-66.38274393989659,66.38274393989659,-66.38274393989659
1.26,-47.4,0.0,0.0,52.60000000000001,100.0,100.0,10.0,0.0,0.0,0.0,0.0,0.0,59.99999999999999,-59.99999999999999,66.34365470090445,-66.34365470090445,66.34365470090445,-66.34365470090445
1.29,-47.1,0.0,0.0,52.89999999999999,100.0,100.0,10.0,0.0,0.0,0.0,0.0,0.0,59.99999999999999,-59.99999999999999,66.30455377617322,-66.30455377617322,66.30455377617322,-66.30455377617322
1.3199999999999998,-46.8,0.0,0.0,53.2,100.0,100.0,10.0,0.0,0.0,0.0,0.0,0.0,59.99999999999999,-59.99999999999999,66.2654411369897,-66.2654411369897,66.2654411369897,-66.2654411369897
1.3499999999999999,-46.5,0.0,0.0,53.5,100.0,100.0,10.0,0.0,0.0,0.0,0.0,0.0,59.99999999999999,-59.99999999999999,66.22631675457572,-66.22631675457572,66.22631675457572,-66.22631675457572
1.38,-46.2,0.0,0.0,53.8,100.0,100.0,10.0,0.0,0.0,0.0,0.0,0.0,59.99999999999999,-59.99999999999999,66.18718060008806,-66.18718060008806,66.18718060008806,-66.18718060008806
1.41,-45.9,0.0,0.0,54.10000000000001,100.0,100.0,10.0,0.0,0.0,0.0,0.0,0.0,59.99999999999999,-59.99999999999999,66.148032644618,-66.148032644618,66.148032644618,-66.148032644618
1.44,-45.6,0.0,0.0,54.39999999999999,100.0,100.0,10.0,0.0,0.0,0.0,0.0,0.0,59.99999999999999,-59.99999999999999,66.10887285919124,-66.10887285919124,66.10887285919124,-66.10887285919124
1.47,-45.3,0.0,0.0,54.7,100.0,100.0,10.0,0.0,0.0,0.0,0.0,0.0,59.99999999999999,-59.99999999999999,66.06970121476753,-66.06970121476753,66.06970121476753,-66.06970121476753
1.5,-45.0,0.0,0.0,55.0,100.0,100.0,10.0,0.0,0.0,0.0,0.0,0.0,59.99999999999999,-59.99999999999999,66.03051768224046,-66.03051768224046,66.03051768224046,-66.03051768224046
1.53,-44.7,0.0,0.0,55.3,100.0,100.0,10.0,0.0,0.0,0.0,0.0,0.0,59.99999999999999,-59.99999999999999,65.99132223243713,-65.99132223243713,65.99132223243713,-65.99132223243713
1.56,-44.4,0.0,0.0,55.60000000000001,100.0,100.0,10.0,0.0,0.0,0.0,0.0,0.0,59.99999999999999,-59.99999999999999,65.95211483611797,-65.95211483611797,65.95211483611797,-65.95211483611797
1.5899999999999999,-44.1,0.0,0.0,55.89999999999999,100.0,100.0,10.0,0.0,0.0,0.0,0.0,0.0,59.99999999999999,-59.99999999999999,65.91289546397644,-65.91289546397644,65.91289546397644,-65.91289546397644
1.6199999999999999,-43.8,0.0,0.0,56.2,100.0,100.0,10.0,0.0,0.0,0.0,0.0,0.0,59.99999999999999,-59.99999999999999,65.87366408663873,-65.87366408663873,65.87366408663873,-65.87366408663873
1.65,-43.5,0.0,0.0,56.5,100.0,100.0,10.0,0.0,0.0,0.0,0.0,0.0,59.99999999999999,-59.99999999999999,65.83442067466356,-65.83442067466356,65.83442067466356,-65.83442067466356
1.68,-43.2,0.0,0.0,56.8,100.0,100.0,10.0,0.0,0.0,0.0,0.0,0.0,59.99999999999999,-59.99999999999999,65.79516519854181,-65.79516519854181,65.79516519854181,-65.79516519854181
1.71,-42.9,0.0,0.0,57.10000000000001,100.0,100.0,10.0,0.0,0.0,0.0,0.0,0.0,59.99999999999999,-59.99999999999999,65.75589762869637,-65.75589762869637,65.75589762869637,-65.75589762869637
1.74,-42.6,0.0,0.0,57.39999999999999,100.0,100.0,10.0,0.0,0.0,0.0,0.0,0.0,59.99999999999999,-59.99999999999999,65.71661793548182,-65.71661793548182,65.71661793548182,-65.71661793548182
1.77,-42.3,0.0,0.0,57.7,100.0,100.0,10.0,0.0,0.0,0.0,0.0,0.0,59.99999999999999,-59.99999999999999,65.67732608918408,-65.67732608918408,65.67732608918408,-65.67732608918408
1.7999999999999998,-42.0,0.0,0.0,58.0,100.0,100.0,10.0,0.0,0.0,0.0,0.0,0.0,59.99999999999999,-59.99999999999999,65.63802206002022,-65.63802206002022,65.63802206002022,-65.63802206002022
1.8299999999999998,-41.7,0.0,0.0,58.3,100.0,100.0,10.0,0.0,0.0,0.0,0.0,0.0,59.99999999999999,-59.99999999999999,65.59870581813821,-65.59870581813821,65.59870581813821,-65.59870581813821
1.8599999999999999,-41.400000000000006,0.0,0.0,58.599999999999994,100.0,100.0,10.0,0.0,0.0,0.0,0.0,0.0,59.99999999999999,-59.99999999999999,65.55937733361658,-65.55937733361658,65.55937733361658,-65.55937733361658
1.89,-41.1,0.0,0.0,58.89999999999999,100.0,100.0,10.0,0.0,0.0,0.0,0.0,0.0,59.99999999999999,-59.99999999999999,65.52003657646414,-65.52003657646414,65.52003657646414,-65.52003657646414
1.92,-40.8,0.0,0.0,59.2,100.0,100.0,10.0,0.0,0.0,0.0,0.0,0.0,59.99999999999999,-59.99999999999999,65.48068351661973,-65.48068351661973,65.48068351661973,-65.48068351661973
1.95,-40.5,0.0,0.0,59.5,100.0,100.0,10.0,0.0,0.0,0.0,0.0,0.0,59.99999999999999,-59.99999999999999,65.44131812395194,-65.44131812395194,65.44131812395194,-65.44131812395194
1.98,-40.2,0.0,0.0,59.8,100.0,100.0,10.0,0.0,0.0,0.0,0.0,0.0,59.99999999999999,-59.99999999999999,65.40194036825883,-65.40194036825883,65.40194036825883,-65.40194036825883
2.01,-39.900000000000006,0.0,0.0,60.099999999999994,100.0,100.0,10.0,0.0,0.0,0.0,0.0,0.0,59.99999999999999,-59.99999999999999,65.36255021926759,-65.36255021926759,65.36255021926759,-65.36255021926759
2.04,-39.6,0.0,0.0,60.39999999999999,100.0,100.0,10.0,0.0,0.0,0.0,0.0,0.0,59.99999999999999,-59.99999999999999,65.32314764663434,-65.32314764663434,65.32314764663434,-65.32314764663434
2.07,-39.3,0.0,0.0,60.7,100.0,100.0,10.0,0.0,0.0,0.0,0.0,0.0,59.99999999999999,-59.99999999999999,65.28373261994382,-65.28373261994382,65.28373261994382,-65.28373261994382
2.1,-39.0,0.0,0.0,61.0,100.0,100.0,10.0,0.0,0.0,0.0,0.0,0.0,59.99999999999999,-59.99999999999999,65.244305108709,-65.244305108709,65.244305108709,-65.244305108709
2.13,-38.7,0.0,0.0,61.3,100.0,100.0,10.0,0.0,0.0,0.0,0.0,0.0,59.99999999999999,-59.99999999999999,65.204865082371,-65.204865082371,65.204865082371,-65.204865082371
2.16,-38.4,0.0,0.0,61.60000000000001,100.0,100.0,10.0,0.0,0.0,0.0,0.0,0.0,59.99999999999999,-59.99999999999999,65.16541251029857,-65.16541251029857,65.16541251029857,-65.16541251029857
2.19,-38.1,0.0,0.0,61.89999999999999,100.0,100.0,10.0,0.0,0.0,0.0,0.0,0.0,59.99999999999999,-59.99999999999999,65.12594736178796,-65.12594736178796,65.12594736178796,-65.12594736178796
2.2199999999999998,-37.800000000000004,0.0,0.0,62.2,100.0,100.0,10.0,0.0,0.0,0.0,0.0,0.0,59.99999999999999,-59.99999999999999,65.0864696060626,-65.0864696060626,65.0864696060626,-65.0864696060626
2.25,-37.5,0.0,0.0,62.5,100.0,100.0,10.0,0.0,0.0,0.0,0.0,0.0,59.99999999999999,-59.99999999999999,65.04697921227266,-65.04697921227266,65.04697921227266,-65.04697921227266
2.28,-37.2,0.0,0.0,62.8,100.0,100.0,10.0,0.0,0.0,0.0,0.0,0.0,59.99999999999999,-59.99999999999999,65.00747614949502,-65.00747614949502,65.00747614949502,-65.00747614949502
2.31,-36.9,0.0,0.0,63.10000000000001,100.0,100.0,10.0,0.0,0.0,0.0,0.0,0.0,59.99999999999999,-59.99999999999999,64.96796038673273,-64.96796038673273,64.96796038673273,-64.96796038673273
2.34,-36.6,0.0,0.0,63.39999999999999,100.0,100.0,10.0,0.0,0.0,0.0,0.0,0.0,59.99999999999999,-59.99999999999999,64.92843189291484,-64.92843189291484,64.92843189291484,-64.92843189291484
2.37,-36.3,0.0,0.0,63.7,100.0,100.0,10.0,0.0,0.0,0.0,0.0,0.0,59.99999999999999,-59.99999999999999,64.88889063689606,-64.88889063689606,64.88889063689606,-64.88889063689606
2.4,-36.0,0.0,0.0,64.0,100.0,100.0,10.0,0.0,0.0,0.0,0.0,0.0,59.99999999999999,-59.99999999999999,64.84933658745645,-64.84933658745645,64.84933658745645,-64.84933658745645
2.4299999999999997,-35.7,0.0,0.0,64.3,100.0,100.0,10.0,0.0,0.0,0.0,0.0,0.0,59.99999999999999,-59.99999999999999,64.80976971330116,-64.80976971330116,64.80976971330116,-64.80976971330116
2.46,-35.4,0.0,0.0,64.6,100.0,100.0,10.0,0.0,0.0,0.0,0.0,0.0,59.99999999999999,-59.99999999999999,64.77018998306006,-64.77018998306006,64.77018998306006,-64.77018998306006
2.4899999999999998,-35.1,0.0,0.0,64.9,100.0,100.0,10.0,0.0,0.0,0.0,0.0,0.0,59.99999999999999,-59.99999999999999,64.73059736528754,-64.73059736528754,64.73059736528754,-64.73059736528754
2.52,-34.8,0.0,0.0,65.2,100.0,100.0,10.0,0.0,0.0,0.0,0.0,0.0,59.99999999999999,-59.99999999999999,64.69099182846203,-64.69099182846203,64.69099182846203,-64.69099182846203
2.55,-34.5,0.0,0.0,65.5,100.0,100.0,10.0,0.0,0.0,0.0,0.0,0.0,59.99999999999999,-59.99999999999999,64.65137334098587,-64.65137334098587,64.65137334098587,-64.65137334098587
2.58,-34.2,0.0,0.0,65.8,100.0,100.0,10.0,0.0,0.0,0.0,0.0,0.0,59.99999999999999,-59.99999999999999,64.61174187118493,-64.61174187118493,64.61174187118493,-64.61174187118493
2.61,-33.900000000000006,0.0,0.0,66.1,100.0,100.0,10.0,0.0,0.0,0.0,0.0,0.0,59.99999999999999,-59.99999999999999,64.57209738730826,-64.57209738730826,64.57209738730826,-64.57209738730826
2.6399999999999997,-33.6,0.0,0.0,66.4,100.0,100.0,10.0,0.0,0.0,0.0,0.0,0.0,59.99999999999999,-59.99999999999999,64.5324398575278,-64.5324398575278,64.5324398575278,-64.5324398575278
2.67,-33.3,0.0,0.0,66.7,100.0,100.0,10.0,0.0,0.0,0.0,0.0,0.0,59.99999999999999,-59.99999999999999,64.4927692499381,-64.4927692499381,64.4927692499381,-64.4927692499381
2.6999999999999997,-33.0,0.0,0.0,67.0,100.0,100.0,10.0,0.0,0.0,0.0,0.0,0.0,59.99999999999999,-59.99999999999999,64.45308553255599,-64.45308553255599,64.45308553255599,-64.45308553255599
2.73,-32.7,0.0,0.0,67.3,100.0,100.0,10.0,0.0,0.0,0.0,0.0,0.0,59.99999999999999,-59.99999999999999,64.41338867332021,-64.41338867332021,64.41338867332021,-64.41338867332021
2.76,-32.400000000000006,0.0,0.0,67.6,100.0,100.0,10.0,0.0,0.0,0.0,0.0,0.0,59.99999999999999,-59.99999999999999,64.37367864009116,-64.37367864009116,64.37367864009116,-64.37367864009116
2.79,-32.1,0.0,0.0,67.9,100.0,100.0,10.0,0.0,0.0,0.0,0.0,0.0,59.99999999999999,-59.99999999999999,64.33395540065052,-64.33395540065052,64.33395540065052,-64.33395540065052
2.82,-31.8,0.0,0.0,68.2,100.0,100.0,10.0,0.0,0.0,0.0,0.0,0.0,59.99999999999999,-59.99999999999999,64.294218922701,-64.294218922701,64.294218922701,-64.294218922701
2.85,-31.5,0.0,0.0,68.5,100.0,100.0,10.0,0.0,0.0,0.0,0.0,0.0,59.99999999999999,-59.99999999999999,64.25446917386596,-64.25446917386596,64.25446917386596,-64.25446917386596
2.88,-31.200000000000003,0.0,0.0,68.8,100.0,100.0,10.0,0.0,0.0,0.0,0.0,0.0,59.99999999999999,-59.99999999999999,64.21470612168906,-64.21470612168906,64.21470612168906,-64.21470612168906
2.9099999999999997,-30.900000000000002,0.0,0.0,69.1,100.0,100.0,10.0,0.0,0.0,0.0,0.0,0.0,59.99999999999999,-59.99999999999999,64.17492973363402,-64.17492973363402,64.17492973363402,-64.17492973363402
2.94,-30.6,0.0,0.0,69.4,100.0,100.0,10.0,0.0,0.0,0.0,0.0,0.0,59.99999999999999,-59.99999999999999,64.13513997708421,-64.13513997708421,64.13513997708421,-64.13513997708421
2.9699999999999998,-30.300000000000004,0.0,0.0,69.69999999999999,100.0,100.0,10.0,0.0,0.0,0.0,0.0,0.0,59.99999999999999,-59.99999999999999,64.09533681934234,-64.09533681934234,64.09533681934234,-64.09533681934234
3.0,-30.0,0.0,0.0,70.0,100.0,100.0,10.0,0.0,0.0,0.0,0.0,0.0,59.99999999999999,-59.99999999999999,64.05552022763018,-64.05552022763018,64.05552022763018,-64.05552022763018
3.03,-29.700000000000003,0.0,0.0,70.3,100.0,100.0,10.0,0.0,0.0,0.0,0.0,0.0,59.99999999999999,-59.99999999999999,64.01569016908815,-64.01569016908815,64.01569016908815,-64.01569016908815
3.06,-29.4,0.0,0.0,70.6,100.0,100.0,10.0,0.0,0.0,0.0,0.0,0.0,59.99999999999999,-59.99999999999999,63.97584661077501,-63.97584661077501,63.97584661077501,-63.97584661077501
3.09,-29.1,0.0,0.0,70.9,100.0,100.0,10.0,0.0,0.0,0.0,0.0,0.0,59.99999999999999,-59.99999999999999,63.93598951966758,-63.93598951966758,63.93598951966758,-63.93598951966758
3.12,-28.799999999999997,0.0,0.0,71.2,100.0,100.0,10.0,0.0,0.0,0.0,0.0,0.0,59.99999999999999,-59.99999999999999,63.896118862660295,-63.896118862660295,63.896118862660295,-63.896118862660295
3.15,-28.5,0.0,0.0,71.5,100.0,100.0,10.0,0.0,0.0,0.0,0.0,0.0,59.99999999999999,-59.99999999999999,63.856234606564946,-63.856234606564946,63.856234606564946,-63.856234606564946
3.1799999999999997,-28.200000000000003,0.0,0.0,71.8,100.0,100.0,10.0,0.0,0.0,0.0,0.0,0.0,59.99999999999999,-59.99999999999999,63.81633671811034,-63.81633671811034,63.81633671811034,-63.81633671811034
3.21,-27.9,0.0,0.0,72.1,100.0,100.0,10.0,0.0,0.0,0.0,0.0,0.0,59.99999999999999,-59.99999999999999,63.77642516394188,-63.77642516394188,63.77642516394188,-63.77642516394188
3.2399999999999998,-27.6,0.0,0.0,72.4,100.0,100.0,10.0,0.0,0.0,0.0,0.0,0.0,59.99999999999999,-59.99999999999999,63.73649991062132,-63.73649991062132,63.73649991062132,-63.73649991062132
3.27,-27.299999999999997,0.0,0.0,72.7,100.0,100.0,10.0,0.0,0.0,0.0,0.0,0.0,59.99999999999999,-59.99999999999999,63.69656092462631,-63.69656092462631,63.69656092462631,-63.69656092462631
3.3,-27.0,0.0,0.0,73.0,100.0,100.0,10.0,0.0,0.0,0.0,0.0,0.0,59.99999999999999,-59.99999999999999,63.656608172350154,-63.656608172350154,63.656608172350154,-63.656608172350154
3.33,-26.700000000000003,0.0,0.0,73.3,100.0,100.0,10.0,0.0,0.0,0.0,0.0,0.0,59.99999999999999,-59.99999999999999,63.61664162010138,-63.61664162010138,63.61664162010138,-63.61664162010138
3.36,-26.4,0.0,0.0,73.6,100.0,100.0,10.0,0.0,0.0,0.0,0.0,0.0,59.99999999999999,-59.99999999999999,63.57666123410343,-63.57666123410343,63.57666123410343,-63.57666123410343
3.3899999999999997,-26.1,0.0,0.0,73.9,100.0,100.0,10.0,0.0,0.0,0.0,0.0,0.0,59.99999999999999,-59.99999999999999,63.53666698049431,-63.53666698049431,63.53666698049431,-63.53666698049431
3.42,-25.799999999999997,0.0,0.0,74.2,100.0,100.0,10.0,0.0,0.0,0.0,0.0,0.0,59.99999999999999,-59.99999999999999,63.496658825326165,-63.496658825326165,63.496658825326165,-63.496658825326165
3.4499999999999997,-25.5,0.0,0.0,74.5,100.0,100.0,10.0,0.0,0.0,0.0,0.0,0.0,59.99999999999999,-59.99999999999999,63.45663673456501,-63.45663673456501,63.45663673456501,-63.45663673456501
3.48,-25.200000000000003,0.0,0.0,74.8,100.0,100.0,10.0,0.0,0.0,0.0,0.0,0.0,59.99999999999999,-59.99999999999999,63.416600674090326,-63.416600674090326,63.416600674090326,-63.416600674090326
3.51,-24.900000000000006,0.0,0.0,75.1,100.0,100.0,10.0,0.0,0.0,0.0,0.0,0.0,59.99999999999999,-59.99999999999999,63.376550609694725,-63.376550609694725,63.376550609694725,-63.376550609694725
3.54,-24.6,0.0,0.0,75.4,100.0,100.0,10.0,0.0,0.0,0.0,0.0,0.0,59.99999999999999,-59.99999999999999,63.33648650708351,-63.33648650708351,63.33648650708351,-63.33648650708351
3.57,-24.300000000000004,0.0,0.0,75.69999999999999,100.0,100.0,10.0,0.0,0.0,0.0,0.0,0.0,59.99999999999999,-59.99999999999999,63.29640833187442,-63.29640833187442,63.29640833187442,-63.29640833187442
3.5999999999999996,-24.0,0.0,0.0,76.0,100.0,100.0,10.0,0.0,0.0,0.0,0.0,0.0,59.99999999999999,-59.99999999999999,63.25631604959721,-63.25631604959721,63.25631604959721,-63.25631604959721
3.63,-23.700000000000003,0.0,0.0,76.3,100.0,100.0,10.0,0.0,0.0,0.0,0.0,0.0,59.99999999999999,-59.99999999999999,63.21620962569324,-63.21620962569324,63.21620962569324,-63.21620962569324
3.6599999999999997,-23.400000000000006,0.0,0.0,76.6,100.0,100.0,10.0,0.0,0.0,0.0,0.0,0.0,59.99999999999999,-59.99999999999999,63.176089025515196,-63.176089025515196,63.176089025515196,-63.176089025515196
3.69,-23.1,0.0,0.0,76.9,100.0,100.0,10.0,0.0,0.0,0.0,0.0,0.0,59.99999999999999,-59.99999999999999,63.13595421432664,-63.13595421432664,63.13595421432664,-63.13595421432664
3.7199999999999998,-22.800000000000004,0.0,0.0,77.19999999999999,100.0,100.0,10.0,0.0,0.0,0.0,0.0,0.0,59.99999999999999,-59.99999999999999,63.09580515730164,-63.09580515730164,63.09580515730164,-63.09580515730164
3.75,-22.5,0.0,0.0,77.5,100.0,100.0,10.0,0.0,0.0,0.0,0.0,0.0,59.99999999999999,-59.99999999999999,63.05564181952449,-63.05564181952449,63.05564181952449,-63.05564181952449
3.78,-22.200000000000003,0.0,0.0,77.8,100.0,100.0,10.0,0.0,0.0,0.0,0.0,0.0,59.99999999999999,-59.99999999999999,63.01546416598918,-63.01546416598918,63.01546416598918,-63.01546416598918
3.81,-21.9,0.0,0.0,78.1,100.0,100.0,10.0,0.0,0.0,0.0,0.0,0.0,59.99999999999999,-59.99999999999999,62.97527216159916,-62.97527216159916,62.97527216159916,-62.97527216159916
3.84,-21.6,0.0,0.0,78.4,100.0,100.0,10.0,0.0,0.0,0.0,0.0,0.0,59.99999999999999,-59.99999999999999,62.93506577116685,-62.93506577116685,62.93506577116685,-62.93506577116685
3.8699999999999997,-21.300000000000004,0.0,0.0,78.69999999999999,100.0,100.0,10.0,0.0,0.0,0.0,0.0,0.0,59.99999999999999,-59.99999999999999,62.894844959413305,-62.894844959413305,62.894844959413305,-62.894844959413305
3.9,-21.0,0.0,0.0,79.0,100.0,100.0,10.0,0.0,0.0,0.0,0.0,0.0,59.99999999999999,-59.99999999999999,62.854609690967834,-62.854609690967834,62.854609690967834,-62.854609690967834
3.9299999999999997,-20.700000000000003,0.0,0.0,79.3,100.0,100.0,10.0,0.0,0.0,0.0,0.0,0.0,59.99999999999999,-59.99999999999999,62.81435993036762,-62.81435993036762,62.81435993036762,-62.81435993036762
3.96,-20.4,0.0,0.0,79.6,100.0,100.0,10.0,0.0,0.0,0.0,0.0,0.0,59.99999999999999,-59.99999999999999,62.77409564205726,-62.77409564205726,62.77409564205726,-62.77409564205726
3.9899999999999998,-20.1,0.0,0.0,79.9,100.0,100.0,10.0,0.0,0.0,0.0,0.0,0.0,59.99999999999999,-59.99999999999999,62.73381679038848,-62.73381679038848,62.73381679038848,-62.73381679038848
4.02,-19.800000000000004,0.0,0.0,80.19999999999999,100.0,100.0,10.0,0.0,0.0,0.0,0.0,0.0,59.99999999999999,-59.99999999999999,62.69352333961963,-62.69352333961963,62.69352333961963,-62.69352333961963
4.05,-19.5,0.0,0.0,80.5,100.0,100.0,10.0,0.0,0.0,0.0,0.0,0.0,59.99999999999999,-59.99999999999999,62.653215253915405,-62.653215253915405,62.653215253915405,-62.653215253915405
4.08,-19.200000000000003,0.0,0.0,80.8,100.0,100.0,10.0,0.0,0.0,0.0,0.0,0.0,59.99999999999999,-59.99999999999999,62.61289249734634,-62.61289249734634,62.61289249734634,-62.61289249734634
4.109999999999999,-18.900000000000006,0.0,0.0,81.1,100.0,100.0,10.0,0.0,0.0,0.0,0.0,0.0,59.99999999999999,-59.99999999999999,62.57255503388844,-62.57255503388844,62.57255503388844,-62.57255503388844
4.14,-18.6,0.0,0.0,81.4,100.0,100.0,10.0,0.0,0.0,0.0,0.0,0.0,59.99999999999999,-59.99999999999999,62.53220282742287,-62.53220282742287,62.53220282742287,-62.53220282742287
4.17,-18.299999999999997,0.0,0.0,81.7,100.0,100.0,10.0,0.0,0.0,0.0,0.0,0.0,59.99999999999999,-59.99999999999999,62.49183584173541,-62.49183584173541,62.49183584173541,-62.49183584173541
4.2,-18.0,0.0,0.0,82.0,100.0,100.0,10.0,0.0,0.0,0.0,0.0,0.0,59.99999999999999,-59.99999999999999,62.45145404051611,-62.45145404051611,62.45145404051611,-62.45145404051611
4.2299999999999995,-17.700000000000003,0.0,0.0,82.3,100.0,100.0,10.0,0.0,0.0,0.0,0.0,0.0,59.99999999999999,-59.99999999999999,62.41105738735893,-62.41105738735893,62.41105738735893,-62.41105738735893
4.26,-17.400000000000006,0.0,0.0,82.6,100.0,100.0,10.0,0.0,0.0,0.0,0.0,0.0,59.99999999999999,-59.99999999999999,62.37064584576124,-62.37064584576124,62.37064584576124,-62.37064584576124
4.29,-17.1,0.0,0.0,82.9,100.0,100.0,10.0,0.0,0.0,0.0,0.0,0.0,59.99999999999999,-59.99999999999999,62.33021937912347,-62.33021937912347,62.33021937912347,-62.33021937912347
4.32,-16.799999999999997,0.0,0.0,83.2,100.0,100.0,10.0,0.0,0.0,0.0,0.0,0.0,59.99999999999999,-59.99999999999999,62.289777950748686,-62.289777950748686,62.289777950748686,-62.289777950748686
4.35,-16.5,0.0,0.0,83.5,100.0,100.0,10.0,0.0,0.0,0.0,0.0,0.0,59.99999999999999,-59.99999999999999,62.24932152384215,-62.24932152384215,62.24932152384215,-62.24932152384215
4.38,-16.200000000000003,0.0,0.0,83.8,100.0,100.0,10.0,0.0,0.0,0.0,0.0,0.0,59.99999999999999,-59.99999999999999,62.208850061510915,-62.208850061510915,62.208850061510915,-62.208850061510915
4.41,-15.899999999999999,0.0,0.0,84.1,100.0,100.0,10.0,0.0,0.0,0.0,0.0,0.0,59.99999999999999,-59.99999999999999,62.16836352676341,-62.16836352676341,62.16836352676341,-62.16836352676341
4.4399999999999995,-15.600000000000009,0.0,0.0,84.39999999999999,100.0,100.0,10.0,0.0,0.0,0.0,0.0,0.0,59.99999999999999,-59.99999999999999,62.127861882508995,-62.127861882508995,62.127861882508995,-62.127861882508995
4.47,-15.300000000000004,0.0,0.0,84.69999999999999,100.0,100.0,10.0,0.0,0.0,0.0,0.0,0.0,59.99999999999999,-59.99999999999999,62.08734509155757,-62.08734509155757,62.08734509155757,-62.08734509155757
4.5,-15.0,0.0,0.0,85.0,100.0,100.0,10.0,0.0,0.0,0.0,0.0,0.0,59.99999999999999,-59.99999999999999,62.046813116619134,-62.046813116619134,62.046813116619134,-62.046813116619134
4.53,-14.699999999999996,0.0,0.0,85.30000000000001,100.0,100.0,10.0,0.0,0.0,0.0,0.0,0.0,59.99999999999999,-59.99999999999999,62.006265920303306,-62.006265920303306,62.006265920303306,-62.006265920303306
4.56,-14.400000000000006,0.0,0.0,85.6,100.0,100.0,10.0,0.0,0.0,0.0,0.0,0.0,59.99999999999999,-59.99999999999999,61.96570346511898,-61.96570346511898,61.96570346511898,-61.96570346511898
4.59,-14.100000000000001,0.0,0.0,85.9,100.0,100.0,10.0,0.0,0.0,0.0,0.0,0.0,59.99999999999999,-59.99999999999999,61.92512571347383,-61.92512571347383,61.92512571347383,-61.92512571347383
4.62,-13.799999999999997,0.0,0.0,86.2,100.0,100.0,10.0,0.0,0.0,0.0,0.0,0.0,59.99999999999999,-59.99999999999999,61.88453262767386,-61.88453262767386,61.88453262767386,-61.88453262767386
4.6499999999999995,-13.500000000000007,0.0,0.0,86.5,100.0,100.0,10.0,0.0,0.0,0.0,0.0,0.0,59.99999999999999,-59.99999999999999,61.84392416992304,-61.84392416992304,61.84392416992304,-61.84392416992304
4.68,-13.200000000000003,0.0,0.0,86.8,100.0,100.0,10.0,0.0,0.0,0.0,0.0,0.0,59.99999999999999,-59.99999999999999,61.80330030232281,-61.80330030232281,61.80330030232281,-61.80330030232281
4.71,-12.899999999999999,0.0,0.0,87.1,100.0,100.0,10.0,0.0,0.0,0.0,0.0,0.0,59.99999999999999,-59.99999999999999,61.76266098687159,-61.76266098687159,61.76266098687159,-61.76266098687159
4.74,-12.599999999999994,0.0,0.0,87.4,100.0,100.0,10.0,0.0,0.0,0.0,0.0,0.0,59.99999999999999,-59.99999999999999,61.72200618546445,-61.72200618546445,61.72200618546445,-61.72200618546445
4.77,-12.300000000000004,0.0,0.0,87.69999999999999,100.0,100.0,10.0,0.0,0.0,0.0,0.0,0.0,59.99999999999999,-59.99999999999999,61.681335859892556,-61.681335859892556,61.681335859892556,-61.681335859892556
4.8,-12.0,0.0,0.0,88.0,100.0,100.0,10.0,0.0,0.0,0.0,0.0,0.0,59.99999999999999,-59.99999999999999,61.6406499718428,-61.6406499718428,61.6406499718428,-61.6406499718428
4.83,-11.700000000000003,0.0,0.0,88.3,100.0,100.0,10.0,0.0,0.0,0.0,0.0,0.0,59.99999999999999,-59.99999999999999,61.599948482897275,-61.599948482897275,61.599948482897275,-61.599948482897275
4.859999999999999,-11.400000000000006,0.0,0.0,88.6,100.0,100.0,10.0,0.0,0.0,0.0,0.0,0.0,59.99999999999999,-59.99999999999999,61.55923135453287,-61.55923135453287,61.55923135453287,-61.55923135453287
4.89,-11.100000000000001,0.0,0.0,88.9,100.0,100.0,10.0,0.0,0.0,0.0,0.0,0.0,59.99999999999999,-59.99999999999999,61.51849854812078,-61.51849854812078,61.51849854812078,-61.51849854812078
4.92,-10.799999999999997,0.0,0.0,89.2,100.0,100.0,10.0,0.0,0.0,0.0,0.0,0.0,59.99999999999999,-59.99999999999999,61.477750024926074,-61.477750024926074,61.477750024926074,-61.477750024926074
4.95,-10.5,0.0,0.0,89.5,100.0,100.0,10.0,0.0,0.0,0.0,0.0,0.0,59.99999999999999,-59.99999999999999,61.43698574610721,-61.43698574610721,61.43698574610721,-61.43698574610721
4.9799999999999995,-10.200000000000003,0.0,0.0,89.8,100.0,100.0,10.0,0.0,0.0,0.0,0.0,0.0,59.99999999999999,-59.99999999999999,61.396205672715574,-61.396205672715574,61.396205672715574,-61.396205672715574
5.01,-9.900000000000006,0.0,0.0,90.1,100.0,100.0,10.0,0.0,0.0,0.0,0.0,0.0,59.99999999999999,-59.99999999999999,61.35540976569501,-61.35540976569501,61.35540976569501,-61.35540976569501
5.04,-9.600000000000001,0.0,0.0,90.4,100.0,100.0,10.0,0.0,0.0,0.0,0.0,0.0,59.99999999999999,-59.99999999999999,61.31459798588137,-61.31459798588137,61.31459798588137,-61.31459798588137
5.069999999999999,-9.300000000000004,0.0,0.0,90.69999999999999,100.0,100.0,10.0,0.0,0.0,0.0,0.0,0.0,59.99999999999999,-59.99999999999999,61.27377029400201,-61.27377029400201,61.27377029400201,-61.27377029400201
5.1,-9.0,0.0,0.0,91.0,100.0,100.0,10.0,0.0,0.0,0.0,0.0,0.0,59.99999999999999,-59.99999999999999,61.23292665067536,-61.23292665067536,61.23292665067536,-61.23292665067536
5.13,-8.700000000000003,0.0,0.0,91.3,100.0,100.0,10.0,0.0,0.0,0.0,0.0,0.0,59.99999999999999,-59.99999999999999,61.19206701641034,-61.19206701641034,61.19206701641034,-61.19206701641034
5.16,-8.399999999999999,0.0,0.0,91.6,100.0,100.0,10.0,0.0,0.0,0.0,0.0,0.0,59.99999999999999,-59.99999999999999,61.151191351606045,-61.151191351606045,61.151191351606045,-61.151191351606045
5.1899999999999995,-8.100000000000009,0.0,0.0,91.89999999999999,100.0,100.0,10.0,0.0,0.0,0.0,0.0,0.0,59.99999999999999,-59.99999999999999,61.11029961655111,-61.11029961655111,61.11029961655111,-61.11029961655111
5.22,-7.800000000000004,0.0,0.0,92.19999999999999,100.0,100.0,10.0,0.0,0.0,0.0,0.0,0.0,59.99999999999999,-59.99999999999999,61.0693917714233,-61.0693917714233,61.0693917714233,-61.0693917714233
5.25,-7.5,0.0,0.0,92.5,100.0,100.0,10.0,0.0,0.0,0.0,0.0,0.0,59.99999999999999,-59.99999999999999,61.02846777628901,-61.02846777628901,61.02846777628901,-61.02846777628901
5.279999999999999,-7.200000000000003,0.0,0.0,92.8,100.0,100.0,10.0,0.0,0.0,0.0,0.0,0.0,59.99999999999999,-59.99999999999999,60.98752759110277,-60.98752759110277,60.98752759110277,-60.98752759110277
5.31,-6.900000000000006,0.0,0.0,93.1,100.0,100.0,10.0,0.0,0.0,0.0,0.0,0.0,59.99999999999999,-59.99999999999999,60.94657117570676,-60.94657117570676,60.94657117570676,-60.94657117570676
5.34,-6.600000000000001,0.0,0.0,93.4,100.0,100.0,10.0,0.0,0.0,0.0,0.0,0.0,59.99999999999999,-59.99999999999999,60.90559848983027,-60.90559848983027,60.90559848983027,-60.90559848983027
5.37,-6.299999999999997,0.0,0.0,93.7,100.0,100.0,10.0,0.0,0.0,0.0,0.0,0.0,59.99999999999999,-59.99999999999999,60.864609493089254,-60.864609493089254,60.864609493089254,-60.864609493089254
5.3999999999999995,-6.000000000000007,0.0,0.0,94.0,100.0,100.0,10.0,0.0,0.0,0.0,0.0,0.0,59.99999999999999,-59.99999999999999,60.823604144985836,-60.823604144985836,60.823604144985836,-60.823604144985836
5.43,-5.700000000000003,0.0,0.0,94.3,100.0,100.0,10.0,0.0,0.0,0.0,0.0,0.0,59.99999999999999,-59.99999999999999,60.78258240490773,-60.78258240490773,60.78258240490773,-60.78258240490773
5.46,-5.399999999999999,0.0,0.0,94.6,100.0,100.0,10.0,0.0,0.0,0.0,0.0,0.0,59.99999999999999,-59.99999999999999,60.74154423212782,-60.74154423212782,60.74154423212782,-60.74154423212782
5.49,-5.099999999999994,0.0,0.0,94.9,100.0,100.0,10.0,0.0,0.0,0.0,0.0,0.0,59.99999999999999,-59.99999999999999,60.700489585803574,-60.700489585803574,60.700489585803574,-60.700489585803574
5.52,-4.800000000000004,0.0,0.0,95.19999999999999,100.0,100.0,10.0,0.0,0.0,0.0,0.0,0.0,59.99999999999999,-59.99999999999999,60.6594184249766,-60.6594184249766,60.6594184249766,-60.6594184249766
5.55,-4.5,0.0,0.0,95.5,100.0,100.0,10.0,0.0,0.0,0.0,0.0,0.0,59.99999999999999,-59.99999999999999,60.618330708572074,-60.618330708572074,60.618330708572074,-60.618330708572074
5.58,-4.200000000000003,0.0,0.0,95.8,100.0,100.0,10.0,0.0,0.0,0.0,0.0,0.0,59.99999999999999,-59.99999999999999,60.57722639539825,-60.57722639539825,60.57722639539825,-60.57722639539825
5.609999999999999,-3.9000000000000057,0.0,0.0,96.1,100.0,100.0,10.0,0.0,0.0,0.0,0.0,0.0,59.99999999999999,-59.99999999999999,60.53610544414593,-60.53610544414593,60.53610544414593,-60.53610544414593
5.64,-3.6000000000000014,0.0,0.0,96.4,100.0,100.0,10.0,0.0,0.0,0.0,0.0,0.0,59.99999999999999,-59.99999999999999,60.494967813387966,-60.494967813387966,60.494967813387966,-60.494967813387966
5.67,-3.299999999999997,0.0,0.0,96.7,100.0,100.0,10.0,0.0,0.0,0.0,0.0,0.0,59.99999999999999,-59.99999999999999,60.45381346157867,-60.45381346157867,60.45381346157867,-60.45381346157867
5.7,-3.0,0.0,0.0,97.0,100.0,100.0,10.0,0.0,0.0,0.0,0.0,0.0,59.99999999999999,-59.99999999999999,60.412642347053335,-60.412642347053335,60.412642347053335,-60.412642347053335
5.7299999999999995,-2.700000000000003,0.0,0.0,97.3,100.0,100.0,10.0,0.0,0.0,0.0,0.0,0.0,59.99999999999999,-59.99999999999999,60.371454428027725,-60.371454428027725,60.371454428027725,-60.371454428027725
5.76,-2.4000000000000057,0.0,0.0,97.6,100.0,100.0,10.0,0.0,0.0,0.0,0.0,0.0,59.99999999999999,-59.99999999999999,60.330249662597446,-60.330249662597446,60.330249662597446,-60.330249662597446
5.79,-2.1000000000000014,0.0,0.0,97.9,100.0,100.0,10.0,0.0,0.0,0.0,0.0,0.0,59.99999999999999,-59.99999999999999,60.289028008737496,-60.289028008737496,60.289028008737496,-60.289028008737496
5.819999999999999,-1.8000000000000043,0.0,0.0,98.19999999999999,100.0,100.0,10.0,0.0,0.0,0.0,0.0,0.0,59.99999999999999,-59.99999999999999,60.2477894243017,-60.2477894243017,60.2477894243017,-60.2477894243017
5.85,-1.5,0.0,0.0,98.5,100.0,100.0,10.0,0.0,0.0,0.0,0.0,0.0,59.99999999999999,-59.99999999999999,60.206533867022124,-60.206533867022124,60.206533867022124,-60.206533867022124
5.88,-1.2000000000000028,0.0,0.0,98.8,100.0,100.0,10.0,0.0,0.0,0.0,0.0,0.0,59.99999999999999,-59.99999999999999,60.16526129450859,-60.16526129450859,60.16526129450859,-60.16526129450859
5.91,-0.8999999999999986,0.0,0.0,99.1,100.0,100.0,10.0,0.0,0.0,0.0,0.0,0.0,59.99999999999999,-59.99999999999999,60.12397166424806,-60.12397166424806,60.12397166424806,-60.12397166424806
5.9399999999999995,-0.6000000000000085,0.0,0.0,99.39999999999999,100.0,100.0,10.0,0.0,0.0,0.0,0.0,0.0,59.99999999999999,-59.99999999999999,60.08266493360416,-60.08266493360416,60.08266493360416,-60.08266493360416
5.97,-0.30000000000000426,0.0,0.0,99.69999999999999,100.0,100.0,10.0,0.0,0.0,0.0,0.0,0.0,59.99999999999999,-59.99999999999999,60.041341059816546,-60.041341059816546,60.041341059816546,-60.041341059816546
6.0,0.0,0.0,0.0,100.0,100.0,100.0,10.0,0.0,0.0,0.0,0.0,0.0,59.99999999999999,-59.99999999999999,60.00000000000036,-60.00000000000036,60.00000000000036,-60.00000000000036
6.029999999999999,0.29999999999999716,0.0,0.0,100.3,100.0,100.0,10.0,0.0,0.0,0.0,0.0,0.0,59.99999999999999,-59.99999999999999,59.95864171114574,-59.95864171114574,59.95864171114574,-59.95864171114574
6.06,0.5999999999999943,0.0,0.0,100.6,100.0,100.0,10.0,0.0,0.0,0.0,0.0,0.0,59.99999999999999,-59.99999999999999,59.917266150117136,-59.917266150117136,59.917266150117136,-59.917266150117136
6.09,0.8999999999999986,0.0,0.0,100.9,100.0,100.0,10.0,0.0,0.0,0.0,0.0,0.0,59.99999999999999,-59.99999999999999,59.875873273652836,-59.875873273652836,59.875873273652836,-59.875873273652836
6.12,1.2000000000000028,0.0,0.0,101.2,100.0,100.0,10.0,0.0,0.0,0.0,0.0,0.0,59.99999999999999,-59.99999999999999,59.83446303836434,-59.83446303836434,59.83446303836434,-59.83446303836434
6.1499999999999995,1.499999999999993,0.0,0.0,101.5,100.0,100.0,10.0,0.0,0.0,0.0,0.0,0.0,59.99999999999999,-59.99999999999999,59.793035400735796,-59.793035400735796,59.793035400735796,-59.793035400735796
6.18,1.7999999999999972,0.0,0.0,101.8,100.0,100.0,10.0,0.0,0.0,0.0,0.0,0.0,59.99999999999999,-59.99999999999999,59.751590317123416,-59.751590317123416,59.751590317123416,-59.751590317123416
6.21,2.1000000000000014,0.0,0.0,102.1,100.0,100.0,10.0,0.0,0.0,0.0,0.0,0.0,59.99999999999999,-59.99999999999999,59.710127743754946,-59.710127743754946,59.710127743754946,-59.710127743754946
6.24,2.4000000000000057,0.0,0.0,102.4,100.0,100.0,10.0,0.0,0.0,0.0,0.0,0.0,59.99999999999999,-59.99999999999999,59.66864763672899,-59.66864763672899,59.66864763672899,-59.66864763672899
6.27,2.6999999999999957,0.0,0.0,102.69999999999999,100.0,100.0,10.0,0.0,0.0,0.0,0.0,0.0,59.99999999999999,-59.99999999999999,59.6271499520145,-59.6271499520145,59.6271499520145,-59.6271499520145
6.3,3.0,0.0,0.0,103.0,100.0,100.0,10.0,0.0,0.0,0.0,0.0,0.0,59.99999999999999,-59.99999999999999,59.5856346454501,-59.5856346454501,59.5856346454501,-59.5856346454501
6.33,3.299999999999997,0.0,0.0,103.3,100.0,100.0,10.0,0.0,0.0,0.0,0.0,0.0,59.99999999999999,-59.99999999999999,59.54410167274358,-59.54410167274358,59.54410167274358,-59.54410167274358
6.359999999999999,3.5999999999999943,0.0,0.0,103.6,100.0,100.0,10.0,0.0,0.0,0.0,0.0,0.0,59.99999999999999,-59.99999999999999,59.50255098947125,-59.50255098947125,59.50255098947125,-59.50255098947125
6.39,3.8999999999999986,0.0,0.0,103.9,100.0,100.0,10.0,0.0,0.0,0.0,0.0,0.0,59.99999999999999,-59.99999999999999,59.46098255107735,-59.46098255107735,59.46098255107735,-59.46098255107735
6.42,4.200000000000003,0.0,0.0,104.2,100.0,100.0,10.0,0.0,0.0,0.0,0.0,0.0,59.99999999999999,-59.99999999999999,59.41939631287339,-59.41939631287339,59.41939631287339,-59.41939631287339
6.45,4.5,0.0,0.0,104.5,100.0,100.0,10.0,0.0,0.0,0.0,0.0,0.0,59.99999999999999,-59.99999999999999,59.37779223003764,-59.37779223003764,59.37779223003764,-59.37779223003764
6.4799999999999995,4.799999999999997,0.0,0.0,104.8,100.0,100.0,10.0,0.0,0.0,0.0,0.0,0.0,59.99999999999999,-59.99999999999999,59.33617025761444,-59.33617025761444,59.33617025761444,-59.33617025761444
6.51,5.099999999999994,0.0,0.0,105.1,100.0,100.0,10.0,0.0,0.0,0.0,0.0,0.0,59.99999999999999,-59.99999999999999,59.294530350513604,-59.294530350513604,59.294530350513604,-59.294530350513604
6.54,5.400000000000006,0.0,0.0,105.4,100.0,100.0,10.0,0.0,0.0,0.0,0.0,0.0,59.99999999999999,-59.99999999999999,59.25287246350979,-59.25287246350979,59.25287246350979,-59.25287246350979
6.569999999999999,5.699999999999989,0.0,0.0,105.69999999999999,100.0,100.0,10.0,0.0,0.0,0.0,0.0,0.0,59.99999999999999,-59.99999999999999,59.21119655124193,-59.21119655124193,59.21119655124193,-59.21119655124193
6.6,6.0,0.0,0.0,106.0,100.0,100.0,10.0,0.0,0.0,0.0,0.0,0.0,59.99999999999999,-59.99999999999999,59.169502568212515,-59.169502568212515,59.169502568212515,-59.169502568212515
6.63,6.299999999999997,0.0,0.0,106.3,100.0,100.0,10.0,0.0,0.0,0.0,0.0,0.0,59.99999999999999,-59.99999999999999,59.12779046878705,-59.12779046878705,59.12779046878705,-59.12779046878705
6.66,6.599999999999994,0.0,0.0,106.6,100.0,100.0,10.0,0.0,0.0,0.0,0.0,0.0,59.99999999999999,-59.99999999999999,59.086060207193334,-59.086060207193334,59.086060207193334,-59.086060207193334
6.6899999999999995,6.8999999999999915,0.0,0.0,106.89999999999999,100.0,100.0,10.0,0.0,0.0,0.0,0.0,0.0,59.99999999999999,-59.99999999999999,59.044311737520886,-59.044311737520886,59.044311737520886,-59.044311737520886
6.72,7.200000000000003,0.0,0.0,107.2,100.0,100.0,10.0,0.0,0.0,0.0,0.0,0.0,59.99999999999999,-59.99999999999999,59.002545013720294,-59.002545013720294,59.002545013720294,-59.002545013720294
6.75,7.5,0.0,0.0,107.5,100.0,100.0,10.0,0.0,0.0,0.0,0.0,0.0,59.99999999999999,-59.99999999999999,58.96075998960255,-58.96075998960255,58.96075998960255,-58.96075998960255
6.779999999999999,7.799999999999997,0.0,0.0,107.8,100.0,100.0,10.0,0.0,0.0,0.0,0.0,0.0,59.99999999999999,-59.99999999999999,58.918956618838415,-58.918956618838415,58.918956618838415,-58.918956618838415
6.81,8.099999999999994,0.0,0.0,108.1,100.0,100.0,10.0,0.0,0.0,0.0,0.0,0.0,59.99999999999999,-59.99999999999999,58.87713485495773,-58.87713485495773,58.87713485495773,-58.87713485495773
6.84,8.400000000000006,0.0,0.0,108.4,100.0,100.0,10.0,0.0,0.0,0.0,0.0,0.0,59.99999999999999,-59.99999999999999,58.835294651348846,-58.835294651348846,58.835294651348846,-58.835294651348846
6.87,8.700000000000003,0.0,0.0,108.7,100.0,100.0,10.0,0.0,0.0,0.0,0.0,0.0,59.99999999999999,-59.99999999999999,58.79343596125785,-58.79343596125785,58.79343596125785,-58.79343596125785
6.8999999999999995,9.0,0.0,0.0,109.0,100.0,100.0,10.0,0.0,0.0,0.0,0.0,0.0,59.99999999999999,-59.99999999999999,58.75155873778799,-58.75155873778799,58.75155873778799,-58.75155873778799
6.93,9.299999999999997,0.0,0.0,109.3,100.0,100.0,10.0,0.0,0.0,0.0,0.0,0.0,59.99999999999999,-59.99999999999999,58.709662933898926,-58.709662933898926,58.709662933898926,-58.709662933898926
6.96,9.599999999999994,0.0,0.0,109.6,100.0,100.0,10.0,0.0,0.0,0.0,0.0,0.0,59.99999999999999,-59.99999999999999,58.667748502406184,-58.667748502406184,58.667748502406184,-58.667748502406184
6.989999999999999,9.899999999999991,0.0,0.0,109.89999999999999,100.0,100.0,10.0,0.0,0.0,0.0,0.0,0.0,59.99999999999999,-59.99999999999999,58.62581539598034,-58.62581539598034,58.62581539598034,-58.62581539598034
7.02,10.199999999999989,0.0,0.0,110.19999999999999,100.0,100.0,10.0,0.0,0.0,0.0,0.0,0.0,59.99999999999999,-59.99999999999999,58.5838635671464,-58.5838635671464,58.5838635671464,-58.5838635671464
7.05,10.5,0.0,0.0,110.5,100.0,100.0,10.0,0.0,0.0,0.0,0.0,0.0,59.99999999999999,-59.99999999999999,58.54189296828314,-58.54189296828314,58.54189296828314,-58.54189296828314
7.08,10.799999999999997,0.0,0.0,110.8,100.0,100.0,10.0,0.0,0.0,0.0,0.0,0.0,59.99999999999999,-59.99999999999999,58.499903551622374,-58.499903551622374,58.499903551622374,-58.499903551622374
7.109999999999999,11.099999999999994,0.0,0.0,111.1,100.0,100.0,10.0,0.0,0.0,0.0,0.0,0.0,59.99999999999999,-59.99999999999999,58.457895269248304,-58.457895269248304,58.457895269248304,-58.457895269248304
7.14,11.399999999999991,0.0,0.0,111.39999999999999,100.0,100.0,10.0,0.0,0.0,0.0,0.0,0.0,59.99999999999999,-59.99999999999999,58.41586807309675,-58.41586807309675,58.41586807309675,-58.41586807309675
7.17,11.700000000000003,0.0,0.0,111.7,100.0,100.0,10.0,0.0,0.0,0.0,0.0,0.0,59.99999999999999,-59.99999999999999,58.37382191495457,-58.37382191495457,58.37382191495457,-58.37382191495457
7.199999999999999,12.0,0.0,0.0,112.0,100.0,100.0,10.0,0.0,0.0,0.0,0.0,0.0,59.99999999999999,-59.99999999999999,58.33175674645882,-58.33175674645882,58.33175674645882,-58.33175674645882
7.2299999999999995,12.299999999999997,0.0,0.0,112.3,100.0,100.0,10.0,0.0,0.0,0.0,0.0,0.0,59.99999999999999,-59.99999999999999,58.289672519096165,-58.289672519096165,58.289672519096165,-58.289672519096165
7.26,12.599999999999994,0.0,0.0,112.6,100.0,100.0,10.0,0.0,0.0,0.0,0.0,0.0,59.99999999999999,-59.99999999999999,58.24756918420208,-58.24756918420208,58.24756918420208,-58.24756918420208
7.29,12.900000000000006,0.0,0.0,112.9,100.0,100.0,10.0,0.0,0.0,0.0,0.0,0.0,59.99999999999999,-59.99999999999999,58.20544669296013,-58.20544669296013,58.20544669296013,-58.20544669296013
7.319999999999999,13.199999999999989,0.0,0.0,113.19999999999999,100.0,100.0,10.0,0.0,0.0,0.0,0.0,0.0,59.99999999999999,-59.99999999999999,58.16330499640135,-58.16330499640135,58.16330499640135,-58.16330499640135
7.35,13.5,0.0,0.0,113.5,100.0,100.0,10.0,0.0,0.0,0.0,0.0,0.0,59.99999999999999,-59.99999999999999,58.12114404540341,-58.12114404540341,58.12114404540341,-58.12114404540341
7.38,13.799999999999997,0.0,0.0,113.8,100.0,100.0,10.0,0.0,0.0,0.0,0.0,0.0,59.99999999999999,-59.99999999999999,58.07896379068995,-58.07896379068995,58.07896379068995,-58.07896379068995
7.41,14.099999999999994,0.0,0.0,114.1,100.0,100.0,10.0,0.0,0.0,0.0,0.0,0.0,59.99999999999999,-59.99999999999999,58.036764182829806,-58.036764182829806,58.036764182829806,-58.036764182829806
7.4399999999999995,14.399999999999991,0.0,0.0,114.39999999999999,100.0,100.0,10.0,0.0,0.0,0.0,0.0,0.0,59.99999999999999,-59.99999999999999,57.99454517223627,-57.99454517223627,57.99454517223627,-57.99454517223627
7.47,14.700000000000003,0.0,0.0,114.7,100.0,100.0,10.0,0.0,0.0,0.0,0.0,0.0,59.99999999999999,-59.99999999999999,57.952306709166386,-57.952306709166386,57.952306709166386,-57.952306709166386
7.5,15.0,0.0,0.0,115.0,100.0,100.0,10.0,0.0,0.0,0.0,0.0,0.0,59.99999999999999,-59.99999999999999,57.9100487437202,-57.9100487437202,57.9100487437202,-57.9100487437202
7.529999999999999,15.299999999999997,0.0,0.0,115.3,100.0,100.0,10.0,0.0,0.0,0.0,0.0,0.0,59.99999999999999,-59.99999999999999,57.867771225839974,-57.867771225839974,57.867771225839974,-57.867771225839974
7.56,15.599999999999994,0.0,0.0,115.6,100.0,100.0,10.0,0.0,0.0,0.0,0.0,0.0,59.99999999999999,-59.99999999999999,57.8254741053094,-57.8254741053094,57.8254741053094,-57.8254741053094
7.59,15.900000000000006,0.0,0.0,115.9,100.0,100.0,10.0,0.0,0.0,0.0,0.0,0.0,59.99999999999999,-59.99999999999999,57.78315733175292,-57.78315733175292,57.78315733175292,-57.78315733175292
7.62,16.200000000000003,0.0,0.0,116.2,100.0,100.0,10.0,0.0,0.0,0.0,0.0,0.0,59.99999999999999,-59.99999999999999,57.74082085463493,-57.74082085463493,57.74082085463493,-57.74082085463493
7.6499999999999995,16.5,0.0,0.0,116.5,100.0,100.0,10.0,0.0,0.0,0.0,0.0,0.0,59.99999999999999,-59.99999999999999,57.69846462325902,-57.69846462325902,57.69846462325902,-57.69846462325902
7.68,16.799999999999997,0.0,0.0,116.8,100.0,100.0,10.0,0.0,0.0,0.0,0.0,0.0,59.99999999999999,-59.99999999999999,57.65608858676711,-57.65608858676711,57.65608858676711,-57.65608858676711
7.71,17.099999999999994,0.0,0.0,117.1,100.0,100.0,10.0,0.0,0.0,0.0,0.0,0.0,59.99999999999999,-59.99999999999999,57.61369269413882,-57.61369269413882,57.61369269413882,-57.61369269413882
7.739999999999999,17.39999999999999,0.0,0.0,117.39999999999999,100.0,100.0,10.0,0.0,0.0,0.0,0.0,0.0,59.99999999999999,-59.99999999999999,57.57127689419053,-57.57127689419053,57.57127689419053,-57.57127689419053
7.77,17.69999999999999,0.0,0.0,117.69999999999999,100.0,100.0,10.0,0.0,0.0,0.0,0.0,0.0,59.99999999999999,-59.99999999999999,57.52884113557475,-57.52884113557475,57.52884113557475,-57.52884113557475
7.8,18.0,0.0,0.0,118.0,100.0,100.0,10.0,0.0,0.0,0.0,0.0,0.0,59.99999999999999,-59.99999999999999,57.48638536677919,-57.48638536677919,57.48638536677919,-57.48638536677919
7.83,18.299999999999997,0.0,0.0,118.3,100.0,100.0,10.0,0.0,0.0,0.0,0.0,0.0,59.99999999999999,-59.99999999999999,57.44390953612603,-57.44390953612603,57.44390953612603,-57.44390953612603
7.859999999999999,18.599999999999994,0.0,0.0,118.6,100.0,100.0,10.0,0.0,0.0,0.0,0.0,0.0,59.99999999999999,-59.99999999999999,57.40141359177108,-57.40141359177108,57.40141359177108,-57.40141359177108
7.89,18.89999999999999,0.0,0.0,118.89999999999999,100.0,100.0,10.0,0.0,0.0,0.0,0.0,0.0,59.99999999999999,-59.99999999999999,57.358897481703046,-57.358897481703046,57.358897481703046,-57.358897481703046
7.92,19.200000000000003,0.0,0.0,119.2,100.0,100.0,10.0,0.0,0.0,0.0,0.0,0.0,59.99999999999999,-59.99999999999999,57.316361153742626,-57.316361153742626,57.316361153742626,-57.316361153742626
7.949999999999999,19.5,0.0,0.0,119.5,100.0,100.0,10.0,0.0,0.0,0.0,0.0,0.0,59.99999999999999,-59.99999999999999,57.27380455554172,-57.27380455554172,57.27380455554172,-57.27380455554172
7.9799999999999995,19.799999999999997,0.0,0.0,119.8,100.0,100.0,10.0,0.0,0.0,0.0,0.0,0.0,59.99999999999999,-59.99999999999999,57.23122763458265,-57.23122763458265,57.23122763458265,-57.23122763458265
8.01,20.099999999999994,0.0,0.0,120.1,100.0,100.0,10.0,0.0,0.0,0.0,0.0,0.0,59.99999999999999,-59.99999999999999,57.18863033817727,-57.18863033817727,57.18863033817727,-57.18863033817727
8.04,20.39999999999999,0.0,0.0,120.39999999999999,100.0,100.0,10.0,0.0,0.0,0.0,0.0,0.0,59.99999999999999,-59.99999999999999,57.14601261346617,-57.14601261346617,57.14601261346617,-57.14601261346617
8.07,20.700000000000003,0.0,0.0,120.7,100.0,100.0,10.0,0.0,0.0,0.0,0.0,0.0,59.99999999999999,-59.99999999999999,57.103374407417824,-57.103374407417824,57.103374407417824,-57.103374407417824
8.1,21.0,0.0,0.0,121.0,100.0,100.0,10.0,0.0,0.0,0.0,0.0,0.0,59.99999999999999,-59.99999999999999,57.060715666827775,-57.060715666827775,57.060715666827775,-57.060715666827775
8.129999999999999,21.299999999999983,0.0,0.0,121.29999999999998,100.0,100.0,10.0,0.0,0.0,0.0,0.0,0.0,59.99999999999999,-59.99999999999999,57.018036338317735,-57.018036338317735,57.018036338317735,-57.018036338317735
8.16,21.599999999999994,0.0,0.0,121.6,100.0,100.0,10.0,0.0,0.0,0.0,0.0,0.0,59.99999999999999,-59.99999999999999,56.97533636833474,-56.97533636833474,56.97533636833474,-56.97533636833474
8.19,21.89999999999999,0.0,0.0,121.89999999999999,100.0,100.0,10.0,0.0,0.0,0.0,0.0,0.0,59.99999999999999,-59.99999999999999,56.93261570315035,-56.93261570315035,56.93261570315035,-56.93261570315035
8.219999999999999,22.19999999999999,0.0,0.0,122.19999999999999,100.0,100.0,10.0,0.0,0.0,0.0,0.0,0.0,59.99999999999999,-59.99999999999999,56.889874288859716,-56.889874288859716,56.889874288859716,-56.889874288859716
8.25,22.5,0.0,0.0,122.5,100.0,100.0,10.0,0.0,0.0,0.0,0.0,0.0,59.99999999999999,-59.99999999999999,56.84711207138073,-56.84711207138073,56.84711207138073,-56.84711207138073
8.28,22.799999999999997,0.0,0.0,122.8,100.0,100.0,10.0,0.0,0.0,0.0,0.0,0.0,59.99999999999999,-59.99999999999999,56.804328996453194,-56.804328996453194,56.804328996453194,-56.804328996453194
8.31,23.10000000000001,0.0,0.0,123.10000000000001,100.0,100.0,10.0,0.0,0.0,0.0,0.0,0.0,59.99999999999999,-59.99999999999999,56.76152500963785,-56.76152500963785,56.76152500963785,-56.76152500963785
8.34,23.400000000000006,0.0,0.0,123.4,100.0,100.0,10.0,0.0,0.0,0.0,0.0,0.0,59.99999999999999,-59.99999999999999,56.71870005631558,-56.71870005631558,56.71870005631558,-56.71870005631558
8.37,23.69999999999999,0.0,0.0,123.69999999999999,100.0,100.0,10.0,0.0,0.0,0.0,0.0,0.0,59.99999999999999,-59.99999999999999,56.67585408168647,-56.67585408168647,56.67585408168647,-56.67585408168647
8.4,24.0,0.0,0.0,124.0,100.0,100.0,10.0,0.0,0.0,0.0,0.0,0.0,59.99999999999999,-59.99999999999999,56.63298703076889,-56.63298703076889,56.63298703076889,-56.63298703076889
8.43,24.299999999999997,0.0,0.0,124.3,100.0,100.0,10.0,0.0,0.0,0.0,0.0,0.0,59.99999999999999,-59.99999999999999,56.59009884839866,-56.59009884839866,56.59009884839866,-56.59009884839866
8.459999999999999,24.599999999999994,0.0,0.0,124.6,100.0,100.0,10.0,0.0,0.0,0.0,0.0,0.0,59.99999999999999,-59.99999999999999,56.547189479228095,-56.547189479228095,56.547189479228095,-56.547189479228095
8.49,24.900000000000006,0.0,0.0,124.9,100.0,100.0,10.0,0.0,0.0,0.0,0.0,0.0,59.99999999999999,-59.99999999999999,56.5042588677251,-56.5042588677251,56.5042588677251,-56.5042588677251
8.52,25.19999999999999,0.0,0.0,125.19999999999999,100.0,100.0,10.0,0.0,0.0,0.0,0.0,0.0,59.99999999999999,-59.99999999999999,56.46130695817223,-56.46130695817223,56.46130695817223,-56.46130695817223
8.549999999999999,25.499999999999986,0.0,0.0,125.49999999999999,100.0,100.0,10.0,0.0,0.0,0.0,0.0,0.0,59.99999999999999,-59.99999999999999,56.41833369466579,-56.41833369466579,56.41833369466579,-56.41833369466579
8.58,25.799999999999997,0.0,0.0,125.8,100.0,100.0,10.0,0.0,0.0,0.0,0.0,0.0,59.99999999999999,-59.99999999999999,56.37533902111492,-56.37533902111492,56.37533902111492,-56.37533902111492
8.61,26.099999999999994,0.0,0.0,126.1,100.0,100.0,10.0,0.0,0.0,0.0,0.0,0.0,59.99999999999999,-59.99999999999999,56.332322881240586,-56.332322881240586,56.332322881240586,-56.332322881240586
8.64,26.400000000000006,0.0,0.0,126.4,100.0,100.0,10.0,0.0,0.0,0.0,0.0,0.0,59.99999999999999,-59.99999999999999,56.28928521857473,-56.28928521857473,56.28928521857473,-56.28928521857473
8.67,26.700000000000003,0.0,0.0,126.7,100.0,100.0,10.0,0.0,0.0,0.0,0.0,0.0,59.99999999999999,-59.99999999999999,56.24622597645926,-56.24622597645926,56.24622597645926,-56.24622597645926
8.7,27.0,0.0,0.0,127.0,100.0,100.0,10.0,0.0,0.0,0.0,0.0,0.0,59.99999999999999,-59.99999999999999,56.20314509804507,-56.20314509804507,56.20314509804507,-56.20314509804507
8.73,27.30000000000001,0.0,0.0,127.30000000000001,100.0,100.0,10.0,0.0,0.0,0.0,0.0,0.0,59.99999999999999,-59.99999999999999,56.16004252629119,-56.16004252629119,56.16004252629119,-56.16004252629119
8.76,27.599999999999994,0.0,0.0,127.6,100.0,100.0,10.0,0.0,0.0,0.0,0.0,0.0,59.99999999999999,-59.99999999999999,56.116918203963685,-56.116918203963685,56.116918203963685,-56.116918203963685
8.79,27.89999999999999,0.0,0.0,127.89999999999999,100.0,100.0,10.0,0.0,0.0,0.0,0.0,0.0,59.99999999999999,-59.99999999999999,56.07377207363476,-56.07377207363476,56.07377207363476,-56.07377207363476
8.82,28.200000000000003,0.0,0.0,128.2,100.0,100.0,10.0,0.0,0.0,0.0,0.0,0.0,59.99999999999999,-59.99999999999999,56.03060407768177,-56.03060407768177,56.03060407768177,-56.03060407768177
8.85,28.5,0.0,0.0,128.5,100.0,100.0,10.0,0.0,0.0,0.0,0.0,0.0,59.99999999999999,-59.99999999999999,55.987414158286235,-55.987414158286235,55.987414158286235,-55.987414158286235
8.879999999999999,28.799999999999983,0.0,0.0,128.79999999999998,100.0,100.0,10.0,0.0,0.0,0.0,0.0,0.0,59.99999999999999,-59.99999999999999,55.944202257432806,-55.944202257432806,55.944202257432806,-55.944202257432806
8.91,29.099999999999994,0.0,0.0,129.1,100.0,100.0,10.0,0.0,0.0,0.0,0.0,0.0,59.99999999999999,-59.99999999999999,55.900968316908305,-55.900968316908305,55.900968316908305,-55.900968316908305
8.94,29.39999999999999,0.0,0.0,129.39999999999998,100.0,100.0,10.0,0.0,0.0,0.0,0.0,0.0,59.99999999999999,-59.99999999999999,55.85771227830077,-55.85771227830077,55.85771227830077,-55.85771227830077
8.969999999999999,29.69999999999999,0.0,0.0,129.7,100.0,100.0,10.0,0.0,0.0,0.0,0.0,0.0,59.99999999999999,-59.99999999999999,55.81443408299828,-55.81443408299828,55.81443408299828,-55.81443408299828
9.0,30.0,0.0,0.0,130.0,100.0,100.0,10.0,0.0,0.0,0.0,0.0,0.0,59.99999999999999,-59.99999999999999,55.77113367218815,-55.77113367218815,55.77113367218815,-55.77113367218815
9.03,30.299999999999997,0.0,0.0,130.3,100.0,100.0,10.0,0.0,0.0,0.0,0.0,0.0,59.99999999999999,-59.99999999999999,55.72781098685574,-55.72781098685574,55.72781098685574,-55.72781098685574
9.06,30.60000000000001,0.0,0.0,130.60000000000002,100.0,100.0,10.0,0.0,0.0,0.0,0.0,0.0,59.99999999999999,-59.99999999999999,55.68446596778349,-55.68446596778349,55.68446596778349,-55.68446596778349
9.09,30.900000000000006,0.0,0.0,130.9,100.0,100.0,10.0,0.0,0.0,0.0,0.0,0.0,59.99999999999999,-59.99999999999999,55.6410985555499,-55.6410985555499,55.6410985555499,-55.6410985555499
9.12,31.19999999999999,0.0,0.0,131.2,100.0,100.0,10.0,0.0,0.0,0.0,0.0,0.0,59.99999999999999,-59.99999999999999,55.597708690528435,-55.597708690528435,55.597708690528435,-55.597708690528435
9.15,31.5,0.0,0.0,131.5,100.0,100.0,10.0,0.0,0.0,0.0,0.0,0.0,59.99999999999999,-59.99999999999999,55.554296312886514,-55.554296312886514,55.554296312886514,-55.554296312886514
9.18,31.799999999999997,0.0,0.0,131.8,100.0,100.0,10.0,0.0,0.0,0.0,0.0,0.0,59.99999999999999,-59.99999999999999,55.51086136258443,-55.51086136258443,55.51086136258443,-55.51086136258443
9.209999999999999,32.099999999999994,0.0,0.0,132.1,100.0,100.0,10.0,0.0,0.0,0.0,0.0,0.0,59.99999999999999,-59.99999999999999,55.467403779374294,-55.467403779374294,55.467403779374294,-55.467403779374294
9.24,32.400000000000006,0.0,0.0,132.4,100.0,100.0,10.0,0.0,0.0,0.0,0.0,0.0,59.99999999999999,-59.99999999999999,55.42392350279896,-55.42392350279896,55.42392350279896,-55.42392350279896
9.27,32.69999999999999,0.0,0.0,132.7,100.0,100.0,10.0,0.0,0.0,0.0,0.0,0.0,59.99999999999999,-59.99999999999999,55.380420472190956,-55.380420472190956,55.380420472190956,-55.380420472190956
9.299999999999999,32.999999999999986,0.0,0.0,133.0,100.0,100.0,10.0,0.0,0.0,0.0,0.0,0.0,59.99999999999999,-59.99999999999999,55.33689462667141,-55.33689462667141,55.33689462667141,-55.33689462667141
9.33,33.3,0.0,0.0,133.3,100.0,100.0,10.0,0.0,0.0,0.0,0.0,0.0,59.99999999999999,-59.99999999999999,55.29334590514886,-55.29334590514886,55.29334590514886,-55.29334590514886
9.36,33.599999999999994,0.0,0.0,133.6,100.0,100.0,10.0,0.0,0.0,0.0,0.0,0.0,59.99999999999999,-59.99999999999999,55.24977424631834,-55.24977424631834,55.24977424631834,-55.24977424631834
9.389999999999999,33.89999999999999,0.0,0.0,133.89999999999998,100.0,100.0,10.0,0.0,0.0,0.0,0.0,0.0,59.99999999999999,-59.99999999999999,55.206179588660056,-55.206179588660056,55.206179588660056,-55.206179588660056
9.42,34.2,0.0,0.0,134.2,100.0,100.0,10.0,0.0,0.0,0.0,0.0,0.0,59.99999999999999,-59.99999999999999,55.16256187043846,-55.16256187043846,55.16256187043846,-55.16256187043846
9.45,34.5,0.0,0.0,134.5,100.0,100.0,10.0,0.0,0.0,0.0,0.0,0.0,59.99999999999999,-59.99999999999999,55.11892102970101,-55.11892102970101,55.11892102970101,-55.11892102970101
9.48,34.80000000000001,0.0,0.0,134.8,100.0,100.0,10.0,0.0,0.0,0.0,0.0,0.0,59.99999999999999,-59.99999999999999,55.07525700427709,-55.07525700427709,55.07525700427709,-55.07525700427709
9.51,35.099999999999994,0.0,0.0,135.1,100.0,100.0,10.0,0.0,0.0,0.0,0.0,0.0,59.99999999999999,-59.99999999999999,55.03156973177684,-55.03156973177684,55.03156973177684,-55.03156973177684
9.54,35.39999999999999,0.0,0.0,135.39999999999998,100.0,100.0,10.0,0.0,0.0,0.0,0.0,0.0,59.99999999999999,-59.99999999999999,54.987859149590065,-54.987859149590065,54.987859149590065,-54.987859149590065
9.57,35.7,0.0,0.0,135.7,100.0,100.0,10.0,0.0,0.0,0.0,0.0,0.0,59.99999999999999,-59.99999999999999,54.94412519488503,-54.94412519488503,54.94412519488503,-54.94412519488503
9.6,36.0,0.0,0.0,136.0,100.0,100.0,10.0,0.0,0.0,0.0,0.0,0.0,59.99999999999999,-59.99999999999999,54.90036780460733,-54.90036780460733,54.90036780460733,-54.90036780460733
9.629999999999999,36.29999999999998,0.0,0.0,136.29999999999998,100.0,100.0,10.0,0.0,0.0,0.0,0.0,0.0,59.99999999999999,-59.99999999999999,54.856586915478694,-54.856586915478694,54.856586915478694,-54.856586915478694
9.66,36.599999999999994,0.0,0.0,136.6,100.0,100.0,10.0,0.0,0.0,0.0,0.0,0.0,59.99999999999999,-59.99999999999999,54.81278246399588,-54.81278246399588,54.81278246399588,-54.81278246399588
9.69,36.89999999999999,0.0,0.0,136.89999999999998,100.0,100.0,10.0,0.0,0.0,0.0,0.0,0.0,59.99999999999999,-59.99999999999999,54.768954386429385,-54.768954386429385,54.768954386429385,-54.768954386429385
9.719999999999999,37.19999999999999,0.0,0.0,137.2,100.0,100.0,10.0,0.0,0.0,0.0,0.0,0.0,59.99999999999999,-59.99999999999999,54.725102618822355,-54.725102618822355,54.725102618822355,-54.725102618822355
9.75,37.5,0.0,0.0,137.5,100.0,100.0,10.0,0.0,0.0,0.0,0.0,0.0,59.99999999999999,-59.99999999999999,54.68122709698933,-54.68122709698933,54.68122709698933,-54.68122709698933
9.78,37.8,0.0,0.0,137.8,100.0,100.0,10.0,0.0,0.0,0.0,0.0,0.0,59.99999999999999,-59.99999999999999,54.637327756515056,-54.637327756515056,54.637327756515056,-54.637327756515056
9.81,38.10000000000001,0.0,0.0,138.10000000000002,100.0,100.0,10.0,0.0,0.0,0.0,0.0,0.0,59.99999999999999,-59.99999999999999,54.59340453275327,-54.59340453275327,54.59340453275327,-54.59340453275327
9.84,38.400000000000006,0.0,0.0,138.4,100.0,100.0,10.0,0.0,0.0,0.0,0.0,0.0,59.99999999999999,-59.99999999999999,54.54945736082547,-54.54945736082547,54.54945736082547,-54.54945736082547
9.87,38.69999999999999,0.0,0.0,138.7,100.0,100.0,10.0,0.0,0.0,0.0,0.0,0.0,59.99999999999999,-59.99999999999999,54.50548617561969,-54.50548617561969,54.50548617561969,-54.50548617561969
9.9,39.0,0.0,0.0,139.0,100.0,100.0,10.0,0.0,0.0,0.0,0.0,0.0,59.99999999999999,-59.99999999999999,54.46149091178925,-54.46149091178925,54.46149091178925,-54.46149091178925
9.93,39.3,0.0,0.0,139.3,100.0,100.0,10.0,0.0,0.0,0.0,0.0,0.0,59.99999999999999,-59.99999999999999,54.41747150375156,-54.41747150375156,54.41747150375156,-54.41747150375156
9.959999999999999,39.599999999999994,0.0,0.0,139.6,100.0,100.0,10.0,0.0,0.0,0.0,0.0,0.0,59.99999999999999,-59.99999999999999,54.37342788568676,-54.37342788568676,54.37342788568676,-54.37342788568676
9.99,39.900000000000006,0.0,0.0,139.9,100.0,100.0,10.0,0.0,0.0,0.0,0.0,0.0,59.99999999999999,-59.99999999999999,54.329359991536556,-54.329359991536556,54.329359991536556,-54.329359991536556
10.02,40.19999999999999,0.0,0.0,140.2,100.0,100.0,10.0,0.0,0.0,0.0,0.0,0.0,59.99999999999999,-59.99999999999999,54.28526775500295,-54.28526775500295,54.28526775500295,-54.28526775500295
10.049999999999999,40.499999999999986,0.0,0.0,140.5,100.0,100.0,10.0,0.0,0.0,0.0,0.0,0.0,59.99999999999999,-59.99999999999999,54.24115110954684,-54.24115110954684,54.24115110954684,-54.24115110954684
10.08,40.8,0.0,0.0,140.8,100.0,100.0,10.0,0.0,0.0,0.0,0.0,0.0,59.99999999999999,-59.99999999999999,54.19700998838685,-54.19700998838685,54.19700998838685,-54.19700998838685
10.11,41.099999999999994,0.0,0.0,141.1,100.0,100.0,10.0,0.0,0.0,0.0,0.0,0.0,59.99999999999999,-59.99999999999999,54.152844324498005,-54.152844324498005,54.152844324498005,-54.152844324498005
10.139999999999999,41.39999999999999,0.0,0.0,141.39999999999998,100.0,100.0,10.0,0.0,0.0,0.0,0.0,0.0,59.99999999999999,-59.99999999999999,54.1086540506104,-54.1086540506104,54.1086540506104,-54.1086540506104
10.17,41.7,0.0,0.0,141.7,100.0,100.0,10.0,0.0,0.0,0.0,0.0,0.0,59.99999999999999,-59.99999999999999,54.06443909920788,-54.06443909920788,54.06443909920788,-54.06443909920788
10.2,42.0,0.0,0.0,142.0,100.0,100.0,10.0,0.0,0.0,0.0,0.0,0.0,59.99999999999999,-59.99999999999999,54.020199402526735,-54.020199402526735,54.020199402526735,-54.020199402526735
10.23,42.30000000000001,0.0,0.0,142.3,100.0,100.0,10.0,0.0,0.0,0.0,0.0,0.0,59.99999999999999,-59.99999999999999,53.97593489255436,-53.97593489255436,53.97593489255436,-53.97593489255436
10.26,42.599999999999994,0.0,0.0,142.6,100.0,100.0,10.0,0.0,0.0,0.0,0.0,0.0,59.99999999999999,-59.99999999999999,53.93164550102793,-53.93164550102793,53.93164550102793,-53.93164550102793
10.29,42.89999999999999,0.0,0.0,142.89999999999998,100.0,100.0,10.0,0.0,0.0,0.0,0.0,0.0,59.99999999999999,-59.99999999999999,53.887331159432996,-53.887331159432996,53.887331159432996,-53.887331159432996
10.32,43.2,0.0,0.0,143.2,100.0,100.0,10.0,0.0,0.0,0.0,0.0,0.0,59.99999999999999,-59.99999999999999,53.84299179900216,-53.84299179900216,53.84299179900216,-53.84299179900216
10.35,43.5,0.0,0.0,143.5,100.0,100.0,10.0,0.0,0.0,0.0,0.0,0.0,59.99999999999999,-59.99999999999999,53.798627350713716,-53.798627350713716,53.798627350713716,-53.798627350713716
10.379999999999999,43.79999999999998,0.0,0.0,143.79999999999998,100.0,100.0,10.0,0.0,0.0,0.0,0.0,0.0,59.99999999999999,-59.99999999999999,53.75423774529025,-53.75423774529025,53.75423774529025,-53.75423774529025
10.41,44.099999999999994,0.0,0.0,144.1,100.0,100.0,10.0,0.0,0.0,0.0,0.0,0.0,59.99999999999999,-59.99999999999999,53.709822913197236,-53.709822913197236,53.709822913197236,-53.709822913197236
10.44,44.39999999999999,0.0,0.0,144.39999999999998,100.0,100.0,10.0,0.0,0.0,0.0,0.0,0.0,59.99999999999999,-59.99999999999999,53.665382784641665,-53.665382784641665,53.665382784641665,-53.665382784641665
10.469999999999999,44.69999999999999,0.0,0.0,144.7,100.0,100.0,10.0,0.0,0.0,0.0,0.0,0.0,59.99999999999999,-59.99999999999999,53.62091728957063,-53.62091728957063,53.62091728957063,-53.62091728957063
10.5,45.0,0.0,0.0,145.0,100.0,100.0,10.0,0.0,0.0,0.0,0.0,0.0,59.99999999999999,-59.99999999999999,53.57642635766989,-53.57642635766989,53.57642635766989,-53.57642635766989
10.53,45.3,0.0,0.0,145.3,100.0,100.0,10.0,0.0,0.0,0.0,0.0,0.0,59.99999999999999,-59.99999999999999,53.53190991836242,-53.53190991836242,53.53190991836242,-53.53190991836242
10.559999999999999,45.599999999999994,0.0,0.0,145.6,100.0,100.0,10.0,0.0,0.0,0.0,0.0,0.0,59.99999999999999,-59.99999999999999,53.487367900807065,-53.487367900807065,53.487367900807065,-53.487367900807065
10.59,45.900000000000006,0.0,0.0,145.9,100.0,100.0,10.0,0.0,0.0,0.0,0.0,0.0,59.99999999999999,-59.99999999999999,53.44280023389698,-53.44280023389698,53.44280023389698,-53.44280023389698
10.62,46.19999999999999,0.0,0.0,146.2,100.0,100.0,10.0,0.0,0.0,0.0,0.0,0.0,59.99999999999999,-59.99999999999999,53.398206846258255,-53.398206846258255,53.398206846258255,-53.398206846258255
10.65,46.5,0.0,0.0,146.5,100.0,100.0,10.0,0.0,0.0,0.0,0.0,0.0,59.99999999999999,-59.99999999999999,53.353587666248366,-53.353587666248366,53.353587666248366,-53.353587666248366
10.68,46.8,0.0,0.0,146.8,100.0,100.0,10.0,0.0,0.0,0.0,0.0,0.0,59.99999999999999,-59.99999999999999,53.30894262195478,-53.30894262195478,53.30894262195478,-53.30894262195478
10.709999999999999,47.099999999999994,0.0,0.0,147.1,100.0,100.0,10.0,0.0,0.0,0.0,0.0,0.0,59.99999999999999,-59.99999999999999,53.26427164119341,-53.26427164119341,53.26427164119341,-53.26427164119341
10.74,47.400000000000006,0.0,0.0,147.4,100.0,100.0,10.0,0.0,0.0,0.0,0.0,0.0,59.99999999999999,-59.99999999999999,53.219574651507145,-53.219574651507145,53.219574651507145,-53.219574651507145
10.77,47.69999999999999,0.0,0.0,147.7,100.0,100.0,10.0,0.0,0.0,0.0,0.0,0.0,59.99999999999999,-59.99999999999999,53.17485158016428,-53.17485158016428,53.17485158016428,-53.17485158016428
10.799999999999999,47.999999999999986,0.0,0.0,148.0,100.0,100.0,10.0,0.0,0.0,0.0,0.0,0.0,59.99999999999999,-59.99999999999999,53.13010235415709,-53.13010235415709,53.13010235415709,-53.13010235415709
10.83,48.3,0.0,0.0,148.3,100.0,100.0,10.0,0.0,0.0,0.0,0.0,0.0,59.99999999999999,-59.99999999999999,53.08532690020023,-53.08532690020023,53.08532690020023,-53.08532690020023
10.86,48.599999999999994,0.0,0.0,148.6,100.0,100.0,10.0,0.0,0.0,0.0,0.0,0.0,59.99999999999999,-59.99999999999999,53.0405251447292,-53.0405251447292,53.0405251447292,-53.0405251447292
10.889999999999999,48.89999999999999,0.0,0.0,148.89999999999998,100.0,100.0,10.0,0.0,0.0,0.0,0.0,0.0,59.99999999999999,-59.99999999999999,52.99569701389881,-52.99569701389881,52.99569701389881,-52.99569701389881
10.92,49.2,0.0,0.0,149.2,100.0,100.0,10.0,0.0,0.0,0.0,0.0,0.0,59.99999999999999,-59.99999999999999,52.950842433581606,-52.950842433581606,52.950842433581606,-52.950842433581606
10.95,49.5,0.0,0.0,149.5,100.0,100.0,10.0,0.0,0.0,0.0,0.0,0.0,59.99999999999999,-59.99999999999999,52.90596132936628,-52.90596132936628,52.90596132936628,-52.90596132936628
10.98,49.80000000000001,0.0,0.0,149.8,100.0,100.0,10.0,0.0,0.0,0.0,0.0,0.0,59.99999999999999,-59.99999999999999,52.86105362655612,-52.86105362655612,52.86105362655612,-52.86105362655612
11.01,50.099999999999994,0.0,0.0,150.1,100.0,100.0,10.0,0.0,0.0,0.0,0.0,0.0,59.99999999999999,-59.99999999999999,52.816119250167354,-52.816119250167354,52.816119250167354,-52.816119250167354
11.04,50.39999999999999,0.0,0.0,150.39999999999998,100.0,100.0,10.0,0.0,0.0,0.0,0.0,0.0,59.99999999999999,-59.99999999999999,52.77115812492764,-52.77115812492764,52.77115812492764,-52.77115812492764
11.07,50.7,0.0,0.0,150.7,100.0,100.0,10.0,0.0,0.0,0.0,0.0,0.0,59.99999999999999,-59.99999999999999,52.72617017527429,-52.72617017527429,52.72617017527429,-52.72617017527429
11.1,51.0,0.0,0.0,151.0,100.0,100.0,10.0,0.0,0.0,0.0,0.0,0.0,59.99999999999999,-59.99999999999999,52.68115532535281,-52.68115532535281,52.68115532535281,-52.68115532535281
11.129999999999999,51.29999999999998,0.0,0.0,151.29999999999998,100.0,100.0,10.0,0.0,0.0,0.0,0.0,0.0,59.99999999999999,-59.99999999999999,52.63611349901511,-52.63611349901511,52.63611349901511,-52.63611349901511
11.16,51.599999999999994,0.0,0.0,151.6,100.0,100.0,10.0,0.0,0.0,0.0,0.0,0.0,59.99999999999999,-59.99999999999999,52.59104461981796,-52.59104461981796,52.59104461981796,-52.59104461981796
11.19,51.89999999999999,0.0,0.0,151.89999999999998,100.0,100.0,10.0,0.0,0.0,0.0,0.0,0.0,59.99999999999999,-59.99999999999999,52.545948611021245,-52.545948611021245,52.545948611021245,-52.545948611021245
11.219999999999999,52.19999999999999,0.0,0.0,152.2,100.0,100.0,10.0,0.0,0.0,0.0,0.0,0.0,59.99999999999999,-59.99999999999999,52.50082539558631,-52.50082539558631,52.50082539558631,-52.50082539558631
11.25,52.5,0.0,0.0,152.5,100.0,100.0,10.0,0.0,0.0,0.0,0.0,0.0,59.99999999999999,-59.99999999999999,52.455674896174294,-52.455674896174294,52.455674896174294,-52.455674896174294
11.28,52.8,0.0,0.0,152.8,100.0,100.0,10.0,0.0,0.0,0.0,0.0,0.0,59.99999999999999,-59.99999999999999,52.41049703514439,-52.41049703514439,52.41049703514439,-52.41049703514439
11.309999999999999,53.099999999999994,0.0,0.0,153.1,100.0,100.0,10.0,0.0,0.0,0.0,0.0,0.0,59.99999999999999,-59.99999999999999,52.36529173455213,-52.36529173455213,52.36529173455213,-52.36529173455213
11.34,53.400000000000006,0.0,0.0,153.4,100.0,100.0,10.0,0.0,0.0,0.0,0.0,0.0,59.99999999999999,-59.99999999999999,52.32005891614768,-52.32005891614768,52.32005891614768,-52.32005891614768
11.37,53.69999999999999,0.0,0.0,153.7,100.0,100.0,10.0,0.0,0.0,0.0,0.0,0.0,59.99999999999999,-59.99999999999999,52.274798501374086,-52.274798501374086,52.274798501374086,-52.274798501374086
11.4,54.0,0.0,0.0,154.0,100.0,100.0,10.0,0.0,0.0,0.0,0.0,0.0,59.99999999999999,-59.99999999999999,52.22951041136551,-52.22951041136551,52.22951041136551,-52.22951041136551
11.43,54.3,0.0,0.0,154.3,100.0,100.0,10.0,0.0,0.0,0.0,0.0,0.0,59.99999999999999,-59.99999999999999,52.18419456694549,-52.18419456694549,52.18419456694549,-52.18419456694549
11.459999999999999,54.599999999999994,0.0,0.0,154.6,100.0,100.0,10.0,0.0,0.0,0.0,0.0,0.0,59.99999999999999,-59.99999999999999,52.138850888625115,-52.138850888625115,52.138850888625115,-52.138850888625115
11.49,54.900000000000006,0.0,0.0,154.9,100.0,100.0,10.0,0.0,0.0,0.0,0.0,0.0,59.99999999999999,-59.99999999999999,52.09347929660129,-52.09347929660129,52.09347929660129,-52.09347929660129
11.52,55.19999999999999,0.0,0.0,155.2,100.0,100.0,10.0,0.0,0.0,0.0,0.0,0.0,59.99999999999999,-59.99999999999999,52.04807971075489,-52.04807971075489,52.04807971075489,-52.04807971075489
11.549999999999999,55.499999999999986,0.0,0.0,155.5,100.0,100.0,10.0,0.0,0.0,0.0,0.0,0.0,59.99999999999999,-59.99999999999999,52.00265205064894,-52.00265205064894,52.00265205064894,-52.00265205064894
11.58,55.8,0.0,0.0,155.8,100.0,100.0,10.0,0.0,0.0,0.0,0.0,0.0,59.99999999999999,-59.99999999999999,51.95719623552678,-51.95719623552678,51.95719623552678,-51.95719623552678
11.61,56.099999999999994,0.0,0.0,156.1,100.0,100.0,10.0,0.0,0.0,0.0,0.0,0.0,59.99999999999999,-59.99999999999999,51.91171218431029,-51.91171218431029,51.91171218431029,-51.91171218431029
11.639999999999999,56.39999999999999,0.0,0.0,156.39999999999998,100.0,100.0,10.0,0.0,0.0,0.0,0.0,0.0,59.99999999999999,-59.99999999999999,51.86619981559793,-51.86619981559793,51.86619981559793,-51.86619981559793
11.67,56.7,0.0,0.0,156.7,100.0,100.0,10.0,0.0,0.0,0.0,0.0,0.0,59.99999999999999,-59.99999999999999,51.820659047662915,-51.820659047662915,51.820659047662915,-51.820659047662915
11.7,57.0,0.0,0.0,157.0,100.0,100.0,10.0,0.0,0.0,0.0,0.0,0.0,59.99999999999999,-59.99999999999999,51.77508979845132,-51.77508979845132,51.77508979845132,-51.77508979845132
11.73,57.30000000000001,0.0,0.0,157.3,100.0,100.0,10.0,0.0,0.0,0.0,0.0,0.0,59.99999999999999,-59.99999999999999,51.72949198558021,-51.72949198558021,51.72949198558021,-51.72949198558021
11.76,57.599999999999994,0.0,0.0,157.6,100.0,100.0,10.0,0.0,0.0,0.0,0.0,0.0,59.99999999999999,-59.99999999999999,51.683865526335666,-51.683865526335666,51.683865526335666,-51.683865526335666
11.79,57.89999999999999,0.0,0.0,157.89999999999998,100.0,100.0,10.0,0.0,0.0,0.0,0.0,0.0,59.99999999999999,-59.99999999999999,51.63821033767091,-51.63821033767091,51.63821033767091,-51.63821033767091
11.82,58.2,0.0,0.0,158.2,100.0,100.0,10.0,0.0,0.0,0.0,0.0,0.0,59.99999999999999,-59.99999999999999,51.59252633620432,-51.59252633620432,51.59252633620432,-51.59252633620432
11.85,58.5,0.0,0.0,158.5,100.0,100.0,10.0,0.0,0.0,0.0,0.0,0.0,59.99999999999999,-59.99999999999999,51.54681343821753,-51.54681343821753,51.54681343821753,-51.54681343821753
11.879999999999999,58.79999999999998,0.0,0.0,158.79999999999998,100.0,100.0,10.0,0.0,0.0,0.0,0.0,0.0,59.99999999999999,-59.99999999999999,51.50107155965337,-51.50107155965337,51.50107155965337,-51.50107155965337
11.91,59.099999999999994,0.0,0.0,159.1,100.0,100.0,10.0,0.0,0.0,0.0,0.0,0.0,59.99999999999999,-59.99999999999999,51.455300616113945,-51.455300616113945,51.455300616113945,-51.455300616113945
11.94,59.39999999999999,0.0,0.0,159.39999999999998,100.0,100.0,10.0,0.0,0.0,0.0,0.0,0.0,59.99999999999999,-59.99999999999999,51.40950052285864,-51.40950052285864,51.40950052285864,-51.40950052285864
11.969999999999999,59.69999999999999,0.0,0.0,159.7,100.0,100.0,10.0,0.0,0.0,0.0,0.0,0.0,59.99999999999999,-59.99999999999999,51.36367119480207,-51.36367119480207,51.36367119480207,-51.36367119480207
12.0,60.0,0.0,0.0,160.0,100.0,100.0,10.0,0.0,0.0,0.0,0.0,0.0,59.99999999999999,-59.99999999999999,51.31781254651206,-51.31781254651206,51.31781254651206,-51.31781254651206
